,state_code,funding_year,districts_meeting_2018_goal_oversub,districts_not_meeting_2018_goal_oversub,pct_districts_meeting_1mbps,increase_pct_dist_meeting_1mbps,max_year_pct_increase,students_meeting_2018_goal_oversub,students_not_meeting_2018_goal_oversub,pct_students_meeting_1mbps,median_ia_bandwidth_per_student_kbps,median_ia_monthly_cost_per_mbps,districts_population,students_population,pct_rural,pct_small,med_pct_of_meeting_goal,procurement_pattern,active_initiative
0,AK,2015,0E-20,53.00000000000000000000,0E-20,,0.03330206378986866792,0E-24,122104.00000000000000000000,0E-24,91.2084800433358777,740.00000000000000000000,53,122104,0.90566037735849056604,0.54716981132075471698,0.09120848004333587765,District-procured,False
1,AK,2016,1.29268292682926829267,51.70731707317073170733,0.02439024390243902439,0.02439024390243902439,0.03330206378986866792,60.69494608532583162786,124422.30505391467416837214,0.00048757618377871542,118.2033096926713948,781.94181818181818181818,53,124483,0.90566037735849056604,0.56603773584905660377,0.11820330969267139480,District-procured,False
2,AK,2017,3.05769230769230769243,49.94230769230769230757,0.05769230769230769231,0.03330206378986866792,0.03330206378986866792,487.28685144982413620096,118424.71314855017586379904,0.00409787785463051783,205.7648015174095651,923.70000000000000000462,53,118912,0.90566037735849056604,0.60377358490566037736,0.20576480151740956510,District-procured,False
3,AK,2018,3.05769230769230769243,49.94230769230769230757,0.05769230769230769231,0E-20,0.03330206378986866792,323.32223066252724784115,122815.67776933747275215885,0.00262566880243080785,259.3596248462484625,595.98333333333333333334,53,123139,0.90566037735849056604,0.62264150943396226415,0.25935962484624846250,District-procured,True
4,AK,2019,4.15686274509803921552,48.84313725490196078448,0.07843137254901960784,0.02073906485671191553,0.03330206378986866792,383.88219728232661381714,121883.11780271767338618286,0.00313970406800139542,256.4102564102564103,560.60625000000000000000,53,122267,0.90566037735849056604,0.62264150943396226415,0.25641025641025641030,District-procured,True
5,AL,2015,1.04761904761904761932,130.95238095238095238068,0.00793650793650793651,,0.06666666666666666667,1634.21865425709002004465,729996.78134574290997995535,0.00223366513209130015,193.4893976232857354,7.6255672128146186329498,132,731631,0.71212121212121212121,0.31060606060606060606,0.19348939762328573540,State Procured,False
6,AL,2016,1.05468750000000000000,133.94531250000000000000,0.00781250000000000000,-0.00012400793650793651,0.06666666666666666667,499.13114506253202206860,733155.86885493746797793140,0.00068033495997782612,197.5122892200968033,6.8073400000000000000000,135,733655,0.69629629629629629630,0.37777777777777777778,0.19751228922009680325,State Procured,False
7,AL,2017,2.03007518796992481270,132.96992481203007518730,0.01503759398496240602,0.00722509398496240602,0.06666666666666666667,15164.61253222946967434127,711394.38746777053032565873,0.02087182531938833553,299.6703626011387474,5.8427333333333333333334,135,726559,0.69629629629629629630,0.39259259259259259259,0.29967036260113874740,State Procured,False
8,AL,2018,2.99999999999999999970,132.00000000000000000030,0.02222222222222222222,0.00718462823725981620,0.06666666666666666667,16240.00000000000000143101,703338.99999999999999856899,0.02256875200638150919,326.7262034415160096,5.4304400000000000000000,135,719579,0.69629629629629629630,0.38518518518518518519,0.32672620344151600960,State Procured,False
9,AL,2019,12.00000000000000000015,122.99999999999999999985,0.08888888888888888889,0.06666666666666666667,0.06666666666666666667,26138.00000000000000163975,709680.99999999999999836025,0.03552232274513161525,481.8116116598410022,3.9796400000000000000000,135,735819,0.69629629629629629630,0.39259259259259259259,0.48181161165984100220,State Procured,False
10,AR,2015,4.79187817258883248828,231.20812182741116751172,0.02030456852791878173,,0.91922505029301145806,11304.32928492264948046152,446094.67071507735051953848,0.02471437253890509048,145.2432824981844590,14.99500000000000000000,236,457399,0.88135593220338983051,0.83050847457627118644,0.14524328249818445900,State Procured,False
11,AR,2016,13.68932038834951456370,221.31067961165048543630,0.05825242718446601942,0.03794785865654723769,0.91922505029301145806,17529.35534251949198474036,445672.64465748050801525964,0.03784386799391948218,309.2625940221410402,6.4409659184864734600434,235,463202,0.88085106382978723404,0.82553191489361702128,0.30926259402214104020,State Procured,False
12,AR,2017,228.72972972972972973032,5.27027027027027026968,0.97747747747747747748,0.91922505029301145806,0.91922505029301145806,411399.27406211681437693552,50283.72593788318562306448,0.89108603535784686544,1576.8726450515622850,2.2169748638669606180281,234,461683,0.88034188034188034188,0.82905982905982905983,1.5768726450515623,State Procured,False
13,AR,2018,227.77578475336322870068,5.22421524663677129932,0.97757847533632286996,0.00010099785884539248,0.91922505029301145806,432590.98562161083203028648,26397.01437838916796971352,0.94248866118855140446,1584.7860538827258320,1.8861212659619310519400,233,458988,0.87553648068669527897,0.82403433476394849785,1.58478605388272580000,State Procured,False
14,AR,2019,230.93449781659388646372,3.06550218340611353628,0.98689956331877729258,0.00932108798245442262,0.91922505029301145806,468729.93596114822693913708,4732.06403885177306086292,0.99000539845045268034,1555.2099533437013997,1.8360827342821840992822,234,473462,0.87179487179487179487,0.82051282051282051282,1.55520995334370140000,State Procured,False
15,AZ,2015,8.68674698795180722832,197.31325301204819277168,0.04216867469879518072,,0.13480582524271844660,28076.17339109544980883656,895439.82660890455019116344,0.03040139357747505166,129.5468494582084897,16.30000000000000000000,206,923516,0.70388349514563106796,0.65048543689320388350,0.12954684945820848970,District-procured,False
16,AZ,2016,18.63736263736263736308,193.36263736263736263692,0.08791208791208791209,0.04574341321329273137,0.13480582524271844660,42017.51627447249950117829,886991.48372552750049882171,0.04522831993497640981,199.8639360179885528,12.50000000000000000000,212,929009,0.71226415094339622642,0.67452830188679245283,0.19986393601798855275,District-procured,True
17,AZ,2017,26.55440414507772020770,178.44559585492227979230,0.12953367875647668394,0.04162159084438877185,0.13480582524271844660,51804.69238072578025252824,877501.30761927421974747176,0.05574556968396392604,291.3328477785870357,9.342800000000000000000,205,929306,0.70243902439024390244,0.67804878048780487805,0.29133284777858703570,District-procured,True
18,AZ,2018,42.64000000000000000000,165.36000000000000000000,0.20500000000000000000,0.07546632124352331606,0.13480582524271844660,133981.58054276734547119735,827463.41945723265452880265,0.13935438901108991723,373.7399415313315800,6.5831700000000000000000,208,961445,0.71153846153846153846,0.68269230769230769231,0.37373994153133157995,District-procured,True
19,AZ,2019,70.67961165048543689280,137.32038834951456310720,0.33980582524271844660,0.13480582524271844660,0.13480582524271844660,147978.16501471898884928080,779251.83498528101115071920,0.15959164933697031896,647.1007799796213921,2.97400000000000000000,208,927230,0.71153846153846153846,0.68269230769230769231,0.64710077997962139205,District-procured,True
20,CA,2015,143.43661971830985915576,794.56338028169014084424,0.15291750503018108652,,0.12633483387841837909,317279.53568139228306735472,5374814.46431860771693264528,0.05574038933323874888,182.4817518248175182,8.4037180736455311255993,938,5692094,0.52025586353944562900,0.54904051172707889126,0.18248175182481751820,Regional procurement,False
21,CA,2016,197.92070484581497796928,738.07929515418502203072,0.21145374449339207048,0.05853623946321098396,0.12633483387841837909,643427.35914832918866962793,5296275.64085167081133037207,0.10832652055975344031,317.1471927162367223,4.2905708399785157131354069000000,936,5939703,0.51282051282051282051,0.56730769230769230769,0.31714719271623672230,Regional procurement,False
22,CA,2017,318.87241798298906439408,625.12758201701093560592,0.33778857837181044957,0.12633483387841837909,0.12633483387841837909,970913.37173245343145491386,4820347.62826754656854508614,0.16765146169935242626,501.7561465127947817,3.78262482599782529603950828455,944,5791261,0.51271186440677966102,0.57415254237288135593,0.50175614651279478170,Regional procurement,True
23,CA,2018,383.19642857142857143257,549.80357142857142856743,0.41071428571428571429,0.07292570734247526472,0.12633483387841837909,1363203.70864475101482692475,4410395.29135524898517307525,0.23610986988267647525,665.4930357182399965,2.3984238688413084950594956666667,933,5773599,0.51446945337620578778,0.57556270096463022508,0.66549303571823999645,Regional procurement,True
24,CA,2019,459.92818280739934712024,471.07181719260065287976,0.49401523394994559304,0.08330094823565987875,0.12633483387841837909,2111080.95794781829155782794,3611018.04205218170844217206,0.36893471398307129806,877.1929824561403509,1.7468950000000000000000,931,5722099,0.51342642320085929108,0.57679914070891514501,0.87719298245614035090,Regional procurement,True
25,CO,2015,7.46853146853146853112,170.53146853146853146888,0.04195804195804195804,,0.13344073970299803866,3148.50432557368872898370,740706.49567442631127101630,0.00423268557121171294,207.7922077922077922,11.11111111111111111111,178,743855,0.82584269662921348315,0.75842696629213483146,0.20779220779220779220,District-procured,False
26,CO,2016,31.09638554216867469946,146.90361445783132530054,0.17469879518072289157,0.13274075322268093353,0.13344073970299803866,12485.53273103131459690014,765908.46726896868540309986,0.01604011943955286731,263.8522427440633245,7.7268000000000000000000,178,778394,0.82584269662921348315,0.74719101123595505618,0.26385224274406332450,District-procured,True
27,CO,2017,54.84883720930232558094,123.15116279069767441906,0.30813953488372093023,0.13344073970299803866,0.13344073970299803866,32385.74470582711179697890,730404.25529417288820302110,0.04245696024571259691,362.4996061213986367,4.20000000000000000000,178,762790,0.82584269662921348315,0.75842696629213483146,0.36249960612139863665,District-procured,True
28,CO,2018,65.57894736842105263186,112.42105263157894736814,0.36842105263157894737,0.06028151774785801714,0.13344073970299803866,154262.32831806909153952415,628952.67168193090846047585,0.19696038548555516881,544.5140212360468282,2.7750139165009940357853,178,783215,0.82022471910112359551,0.75280898876404494382,0.54451402123604682820,District-procured,True
29,CO,2019,81.83908045977011494214,96.16091954022988505786,0.45977011494252873563,0.09134906231094978826,0.13344073970299803866,59173.38114358442909781312,731962.61885641557090218688,0.07479546012769540142,806.4516129032258065,2.04800000000000000000,178,791136,0.82022471910112359551,0.75280898876404494382,0.80645161290322580650,District-procured,True
30,CT,2015,54.29032258064516128995,109.64516129032258064580,0.32903225806451612903,,0.13138082237114254984,28880.57966213978138503656,472083.35035442199404004060,0.05713812520702219278,533.3334850370801884,,165,505452,0.43030303030303030303,0.64848484848484848485,0.53304904051172707890,District-procured,False
31,CT,2016,52.21518987341772151905,112.78481012658227848095,0.31645569620253164557,-0.01257656186198448346,0.13138082237114254984,45194.25850641118362228528,453597.74149358881637771472,0.09060742455053646334,511.1076942351607925,1.20000000000000000000,165,498792,0.42424242424242424242,0.66060606060606060606,0.51110769423516079250,District-procured,False
32,CT,2017,40.23529411764705882408,121.76470588235294117592,0.24836601307189542484,-0.06808968313063622073,0.13138082237114254984,58190.01249504769451015526,428898.98750495230548984474,0.11946484624996190534,488.2812500000000000,1.20000000000000000000,162,487089,0.41975308641975308642,0.65432098765432098765,0.48828125000000000000,District-procured,False
33,CT,2018,61.51898734177215189816,100.48101265822784810184,0.37974683544303797468,0.13138082237114254984,0.13138082237114254984,89415.33235371164740288268,406042.66764628835259711732,0.18047005468417433446,649.9838190573481336,1.20000000000000000000,162,495458,0.42592592592592592593,0.66049382716049382716,0.64998381905734813360,District-procured,False
34,CT,2019,69.99999999999999999966,92.00000000000000000034,0.43209876543209876543,0.05235192998906079075,0.13138082237114254984,133644.99999999999999978630,352850.00000000000000021370,0.27470991479871324474,791.0442659659431007,1.20000000000000000000,162,486495,0.42592592592592592593,0.67901234567901234568,0.79104426596594310065,District-procured,False
35,DC,2015,0E-20,1.00000000000000000000,0E-20,,1.00000000000000000000,0E-24,38609.00000000000000000000,0E-24,103.6027869149680126,5.06500000000000000000,1,38609,0E-20,0E-20,0.10360278691496801260,,False
36,DC,2016,0E-20,1.00000000000000000000,0E-20,0E-20,1.00000000000000000000,0E-24,39351.00000000000000000000,0E-24,76.2369444232675154,2.16666666666666666667,1,39351,0E-20,0E-20,0.07623694442326751540,,False
37,DC,2017,0E-20,1.00000000000000000000,0E-20,0E-20,1.00000000000000000000,0E-24,40436.00000000000000000000,0E-24,321.4956969037491344,1.65384615384615384615,1,40436,0E-20,0E-20,0.32149569690374913440,,False
38,DC,2018,1.00000000000000000000,0E-20,1.00000000000000000000,1.00000000000000000000,1.00000000000000000000,46629.00000000000000000000,0E-24,1.00000000000000000000,235.9046945034206181,1.61818181818181818182,1,46629,0E-20,0E-20,0.23590469450342061810,,False
39,DC,2019,1.00000000000000000000,0E-20,1.00000000000000000000,0E-20,1.00000000000000000000,47204.00000000000000000000,0E-24,1.00000000000000000000,233.0310990594017456,1.61818181818181818182,1,47204,0E-20,0E-20,0.23303109905940174560,,False
40,DE,2015,0E-20,16.00000000000000000000,0E-20,,0.15238095238095238096,0E-24,109540.00000000000000000000,0E-24,80.9447983014861996,18.5300868497353790088246,16,109540,0.37500000000000000000,0.12500000000000000000,0.08094479830148619960,State Procured,False
41,DE,2016,2.53333333333333333327,16.46666666666666666673,0.13333333333333333333,0.13333333333333333333,0.15238095238095238096,17714.47079163045408211304,101249.52920836954591788696,0.14890614632687581186,610.7243190423842677,3.5061504036771589051449,19,118964,0.47368421052631578947,0.31578947368421052632,0.61072431904238426770,State Procured,False
42,DE,2017,4.85714285714285714293,12.14285714285714285707,0.28571428571428571429,0.15238095238095238096,0.15238095238095238096,35902.94281725822712766478,76731.05718274177287233522,0.31875759377504330067,347.4041362727304255,4.2469683699398134320992,17,112634,0.47058823529411764706,0.29411764705882352941,0.34740413627273042550,State Procured,False
43,DE,2018,5.31250000000000000000,11.68750000000000000000,0.31250000000000000000,0.02678571428571428571,0.15238095238095238096,34666.60151058801723744632,79511.39848941198276255368,0.30361892405356563644,623.1394151788279171,1.81636024401470896233,17,114178,0.47058823529411764706,0.29411764705882352941,0.62313941517882791705,State Procured,False
44,DE,2019,7.00000000000000000006,9.99999999999999999994,0.41176470588235294118,0.09926470588235294118,0.15238095238095238096,40300.99999999999999959172,72677.00000000000000040828,0.35671546672803554674,767.4597083653108212,1.45191043849516195593,17,112978,0.47058823529411764706,0.29411764705882352941,0.76745970836531082120,State Procured,False
45,FL,2015,0E-20,70.00000000000000000000,0E-20,,0.03389830508474576271,0E-24,2427792.00000000000000000000,0E-24,75.6315232188776282,6.5835286000989329375953,70,2427792,0.47142857142857142857,0.05714285714285714286,0.07563152321887762820,District-procured,False
46,FL,2016,2.27118644067796610157,64.72881355932203389843,0.03389830508474576271,0.03389830508474576271,0.03389830508474576271,21881.23862935196243621850,2473468.76137064803756378150,0.00876880542984028791,124.9531425715356741,4.7936091097233261420821,67,2495350,0.49253731343283582090,0.13432835820895522388,0.12495314257153567410,District-procured,False
47,FL,2017,1.04687500000000000000,65.95312500000000000000,0.01562500000000000000,-0.01827330508474576271,0.03389830508474576271,12346.86804132978523538688,2396261.13195867021476461312,0.00512614258581296136,154.8148578824289315,3.0923075000000000000000,67,2408608,0.49253731343283582090,0.14925373134328358209,0.15481485788242893150,District-procured,False
48,FL,2018,3.00000000000000000021,63.99999999999999999979,0.04477611940298507463,0.02915111940298507463,0.03389830508474576271,229562.99999999999999539074,2278899.00000000000000460926,0.09151543854361756327,238.5666913185581029,2.4338855215618356408241,67,2508462,0.50746268656716417910,0.13432835820895522388,0.23856669131855810290,District-procured,False
49,FL,2019,3.00000000000000000021,63.99999999999999999979,0.04477611940298507463,0E-20,0.03389830508474576271,472957.00000000000000042734,2057284.99999999999999957266,0.18692164622988631127,275.8355321020228672,1.99900000000000000000,67,2530242,0.50746268656716417910,0.14925373134328358209,0.27583553210202286720,District-procured,False
50,GA,2015,4.12213740458015267100,175.87786259541984732900,0.02290076335877862595,,0.03932340161390440720,37913.95844635649066121888,1555698.04155364350933878112,0.02379121043664109624,249.2522432701894317,4.7958865127433575024583,180,1593612,0.77777777777777777778,0.50000000000000000000,0.24925224327018943170,State Procured,False
51,GA,2016,5.35714285714285714200,174.64285714285714285800,0.02976190476190476190,0.00686114140312613595,0.03932340161390440720,55161.31174655853236157397,1583311.68825344146763842603,0.03366629279002982189,260.7109681219838231,3.8995180054036515817880,180,1638473,0.78888888888888888889,0.52222222222222222222,0.26071096812198382305,State Procured,False
52,GA,2017,8.04469273743016759860,171.95530726256983240140,0.04469273743016759777,0.01493083266826283587,0.03932340161390440720,147481.23351431694094936200,1503553.76648568305905063800,0.08932653366786103320,253.8071065989847716,3.3287567188183678055807,180,1651035,0.78888888888888888889,0.52777777777777777778,0.25380710659898477160,State Procured,False
53,GA,2018,7.00000000000000000020,172.99999999999999999980,0.03888888888888888889,-0.00580384854127870888,0.03932340161390440720,113817.00000000000000835872,1562390.99999999999999164128,0.06790147762091578134,290.8426557026764934,2.9857821015383566711235,180,1676208,0.80000000000000000000,0.52777777777777777778,0.29084265570267649340,State Procured,False
54,GA,2019,14.07821229050279329620,165.92178770949720670380,0.07821229050279329609,0.03932340161390440720,0.03932340161390440720,171027.03430977236522713146,1542983.96569022763477286854,0.09978176004108046286,331.1258278145695364,2.6442678261654602156222,180,1714011,0.80000000000000000000,0.53333333333333333333,0.33112582781456953640,State Procured,False
55,HI,2015,1.00000000000000000000,0E-20,1.00000000000000000000,,0E-20,173658.00000000000000000000,0E-24,1.00000000000000000000,463.5663200082921605,2.7185800352786266179722,1,173658,0E-20,0E-20,0.46356632000829216050,State Procured,False
56,HI,2016,,,,,0E-20,,,,,,1,183305,0E-20,0E-20,,State Procured,False
57,HI,2017,1.00000000000000000000,0E-20,1.00000000000000000000,,0E-20,171179.00000000000000000000,0E-24,1.00000000000000000000,492.4669498010854135,3.8032674116183012980264,1,171179,0E-20,0E-20,0.49246694980108541350,State Procured,False
58,HI,2018,1.00000000000000000000,0E-20,1.00000000000000000000,0E-20,0E-20,167481.00000000000000000000,0E-24,1.00000000000000000000,579.7672571814116228,3.6353170957775489186377,1,167481,0E-20,0E-20,0.57976725718141162280,State Procured,False
59,HI,2019,1.00000000000000000000,0E-20,1.00000000000000000000,0E-20,0E-20,171502.00000000000000000000,0E-24,1.00000000000000000000,568.5064897202364987,3.6299818461538461538407,1,171502,0E-20,0E-20,0.56850648972023649870,State Procured,False
60,IA,2015,0E-20,338.00000000000000000000,0E-20,,0.16370106761565836299,0E-24,469514.00000000000000000000,0E-24,169.4915254237288136,17.0975256298305612830796,338,469514,0.91715976331360946746,0.86390532544378698225,0.16949152542372881360,State Procured,False
61,IA,2016,55.16725978647686832763,281.83274021352313167237,0.16370106761565836299,0.16370106761565836299,0.16370106761565836299,29789.96001346957033207920,442536.03998653042966792080,0.06307076047786818920,290.9090909090909091,8.4748670757430488973612,337,472326,0.91988130563798219585,0.87833827893175074184,0.29090909090909090910,State Procured,False
62,IA,2017,38.10309278350515463824,297.89690721649484536176,0.11340206185567010309,-0.05029900575998825990,0.16370106761565836299,27777.40738102994991800580,446450.59261897005008199420,0.05857395046481850485,336.5906623235613464,7.0656500000000000000000,336,474228,0.91964285714285714286,0.88392857142857142857,0.33659066232356134640,State Procured,False
63,IA,2018,45.10000000000000000110,284.89999999999999999890,0.13666666666666666667,0.02326460481099656358,0.16370106761565836299,32369.75635267813745579394,464676.24364732186254420606,0.06512426687404815139,426.0607270790976862,4.7563776634214186369993,330,497046,0.92121212121212121212,0.88181818181818181818,0.42606072707909768615,State Procured,False
64,IA,2019,76.31921824104234527640,253.68078175895765472360,0.23127035830618892508,0.09460369163952225841,0.16370106761565836299,102235.29580917264890278504,394652.70419082735109721496,0.20575118700627233683,560.2240896358543417,3.504000000000000000000,330,496888,0.92121212121212121212,0.88181818181818181818,0.56022408963585434170,State Procured,False
65,ID,2015,1.14000000000000000000,112.86000000000000000000,0.01000000000000000000,,0.14902430044182621502,777.18395428980135837780,261199.81604571019864162220,0.00296661139828993140,132.2468376350964732,11.25000000000000000000,114,261977,0.89473684210526315789,0.67543859649122807018,0.13224683763509647315,District-procured,False
66,ID,2016,2.35051546391752577376,111.64948453608247422624,0.02061855670103092784,0.01061855670103092784,0.14902430044182621502,1409.31914743702659907280,267974.68085256297340092720,0.00523163642769068170,211.1486486486486486,10.00000000000000000000,114,269384,0.90350877192982456140,0.72807017543859649123,0.21114864864864864860,District-procured,False
67,ID,2017,19.33928571428571428604,94.66071428571428571396,0.16964285714285714286,0.14902430044182621502,0.14902430044182621502,6773.88683289357294719065,261683.11316710642705280935,0.02523266978657130545,317.0945532927967056,5.80750000000000000000,114,268457,0.90350877192982456140,0.73684210526315789474,0.31709455329279670560,District-procured,False
68,ID,2018,25.22123893805309734482,88.77876106194690265518,0.22123893805309734513,0.05159608091024020227,0.14902430044182621502,25607.85895479339023908904,248524.14104520660976091096,0.09341433672388991522,494.2339373970345964,3.87500000000000000000,114,274132,0.89473684210526315789,0.72807017543859649123,0.49423393739703459640,District-procured,False
69,ID,2019,35.30973451327433628366,78.69026548672566371634,0.30973451327433628319,0.08849557522123893806,0.14902430044182621502,70744.12250750419112238730,205845.87749249580887761270,0.25577252434109762147,660.7929515418502203,3.4390000000000000000000,114,276590,0.89473684210526315789,0.72807017543859649123,0.66079295154185022030,District-procured,False
70,IL,2015,26.87797147385103011072,821.12202852614896988928,0.03169572107765451664,,0.09817270951108583590,22323.43910437774408536972,1884674.56089562225591463028,0.01170606319690830514,162.3376623376623377,9.80400000000000000000,848,1906998,0.56250000000000000000,0.83254716981132075472,0.16233766233766233770,District-procured,False
71,IL,2016,31.58482142857142857062,817.41517857142857142938,0.03720238095238095238,0.00550665987472643574,0.09817270951108583590,66844.92165552354882818320,1850378.07834447645117181680,0.03486549121073737840,213.1293493468030598,7.7668666666666666666667,849,1917223,0.56537102473498233216,0.84334511189634864547,0.21312934934680305975,District-procured,True
72,IL,2017,76.59000000000000000000,774.41000000000000000000,0.09000000000000000000,0.05279761904761904762,0.09817270951108583590,111152.94821574815034759024,1781490.05178425184965240976,0.05872895639365065168,288.7671817723950915,6.10000000000000000000,851,1892643,0.56521739130434782609,0.84723854289071680376,0.28876718177239509150,District-procured,True
73,IL,2018,112.78648974668275029800,737.21351025331724970200,0.13268998793727382388,0.04268998793727382388,0.09817270951108583590,174451.30275375416650066822,1729890.69724624583349933178,0.09160712873725106441,386.5979381443298969,4.6204961538461538461538,850,1904342,0.56470588235294117647,0.84823529411764705882,0.38659793814432989690,District-procured,True
74,IL,2019,196.23329283110571081300,653.76670716889428918700,0.23086269744835965978,0.09817270951108583590,0.09817270951108583590,330581.82716730882633908088,1581476.17283269117366091912,0.17289320050297053036,480.7692307692307692,3.50000000000000000000,850,1912058,0.56470588235294117647,0.85058823529411764706,0.48076923076923076920,District-procured,True
75,IN,2015,1.05434782608695652195,289.94565217391304347805,0.00362318840579710145,,0.08210017423740459889,810.65153774115003046806,993168.34846225884996953194,0.00081556203676450914,144.7053705688665234,31.20000000000000000000,291,993979,0.73539518900343642612,0.65635738831615120275,0.14470537056886652335,District-procured,False
76,IN,2016,2.25680933852140077900,287.74319066147859922100,0.00778210116731517510,0.00415891276151807365,0.08210017423740459889,2200.80514323380194197190,990800.19485676619805802810,0.00221631714694527190,202.5658338960162053,18.3375061124694376528117,290,993001,0.73448275862068965517,0.66551724137931034483,0.20256583389601620530,District-procured,False
77,IN,2017,11.27304964539007092092,277.72695035460992907908,0.03900709219858156028,0.03122499103126638518,0.08210017423740459889,51292.72582273662083520012,937405.27417726337916479988,0.05187906299267988894,325.4866231601548154,10.17500000000000000000,289,988698,0.73702422145328719723,0.67820069204152249135,0.32548662316015481535,District-procured,True
78,IN,2018,35.00000000000000000013,253.99999999999999999987,0.12110726643598615917,0.08210017423740459889,0.08210017423740459889,101909.99999999999999925259,885379.00000000000000074741,0.10322205554807153731,490.4364884747425208,3.49500000000000000000,289,987289,0.73702422145328719723,0.67820069204152249135,0.49043648847474252080,District-procured,True
79,IN,2019,50.17361111111111111079,238.82638888888888888921,0.17361111111111111111,0.05250384467512495194,0.08210017423740459889,187414.88282418211704758161,810596.11717581788295241839,0.18778839393972823651,545.3165226683719034,3.15000000000000000000,289,998011,0.73702422145328719723,0.68166089965397923875,0.54531652266837190335,District-procured,True
80,KS,2015,6.75889328063241106725,278.24110671936758893275,0.02371541501976284585,,0.15190626743537288451,2730.69924309538241332068,451655.30075690461758667932,0.00600964651880863938,165.9751037344398340,17.10000000000000000000,285,454386,0.92631578947368421053,0.83157894736842105263,0.16597510373443983400,District-procured,False
81,KS,2016,27.57857142857142857102,258.42142857142857142898,0.09642857142857142857,0.07271315640880858272,0.15190626743537288451,22566.96625462479217165855,442996.03374537520782834145,0.04847242210962811085,274.0758633577470409,8.0190000000000000000000,286,465563,0.92307692307692307692,0.83566433566433566434,0.27407586335774704085,District-procured,True
82,KS,2017,62.30714285714285714204,223.69285714285714285796,0.21785714285714285714,0.12142857142857142857,0.15190626743537288451,57286.57784118970531716325,409388.42215881029468283675,0.12275476046754101959,418.6300217529885715,4.8997500000000000000000,286,466675,0.92307692307692307692,0.84265734265734265734,0.41863002175298857145,District-procured,True
83,KS,2018,101.06007067137809187360,184.93992932862190812640,0.35335689045936395760,0.13549974760222110046,0.15190626743537288451,94214.52610486474451505920,387449.47389513525548494080,0.19560217517785166530,641.0256410256410256,3.0201600000000000000000,286,481664,0.92657342657342657343,0.83916083916083916084,0.64102564102564102560,District-procured,True
84,KS,2019,144.50526315789473684346,141.49473684210526315654,0.50526315789473684211,0.15190626743537288451,0.15190626743537288451,211486.18167169112268328582,275111.81832830887731671418,0.43462197064453845409,968.0542110358180058,2.29791666666666666667,286,486598,0.92657342657342657343,0.83916083916083916084,0.96805421103581800580,District-procured,True
85,KY,2015,5.20958083832335329408,168.79041916167664670592,0.02994011976047904192,,0.00581395348837209302,3914.52653452880812806128,654341.47346547119187193872,0.00594681481753118563,134.0842048806650577,19.6357700780625261808000,174,658256,0.82183908045977011494,0.47126436781609195402,0.13408420488066505770,State Procured,False
86,KY,2016,0.99999999999999999944,171.00000000000000000056,0.00581395348837209302,-0.02412616627210694890,0.00581395348837209302,220.00000000000000322007,647022.99999999999999677993,0.00033990325117459749,208.8337755541716166,13.3870580044593605578447,172,647243,0.81976744186046511628,0.52906976744186046512,0.20883377555417161655,State Procured,False
87,KY,2017,0E-20,173.00000000000000000000,0E-20,-0.00581395348837209302,0.00581395348837209302,0E-24,656708.00000000000000000000,0E-24,196.0052124631961989,12.794565230192669224324,173,656708,0.82080924855491329480,0.54335260115606936416,0.19600521246319619885,State Procured,False
88,KY,2018,1.00581395348837209246,171.99418604651162790754,0.00581395348837209302,0.00581395348837209302,0.00581395348837209302,87.03379412772763313880,656642.96620587227236686120,0.00013252599108876956,242.3956623426954680,9.311959586892634720841,173,656730,0.82080924855491329480,0.53757225433526011561,0.24239566234269546795,State Procured,False
89,KY,2019,0E-20,173.00000000000000000000,0E-20,-0.00581395348837209302,0.00581395348837209302,0E-24,673469.00000000000000000000,0E-24,292.7400468384074941,9.231801911743524943200,173,673469,0.82080924855491329480,0.54335260115606936416,0.29274004683840749410,State Procured,False
90,LA,2015,5.94827586206896551717,63.05172413793103448283,0.08620689655172413793,,0.14492753623188405797,27019.99663501801996676564,589328.00336498198003323436,0.04383886478907698243,164.1926387402897591,8.13000000000000000000,69,616348,0.60869565217391304348,0.15942028985507246377,0.16419263874028975910,District-procured,False
91,LA,2016,11.29032258064516129030,58.70967741935483870970,0.16129032258064516129,0.07508342602892102336,0.14492753623188405797,49112.42875361000891415124,572723.57124638999108584876,0.07897971290438316359,241.6469804036894231,4.35000000000000000000,70,621836,0.60000000000000000000,0.21428571428571428571,0.24164698040368942305,District-procured,False
92,LA,2017,17.25000000000000000000,51.75000000000000000000,0.25000000000000000000,0.08870967741935483871,0.14492753623188405797,132619.80725686440430648341,485623.19274313559569351659,0.21451081088967348487,349.7281629188460809,3.24750000000000000000,69,618243,0.60869565217391304348,0.21739130434782608696,0.34972816291884608085,District-procured,True
93,LA,2018,19.99999999999999999986,49.00000000000000000014,0.28985507246376811594,0.03985507246376811594,0.14492753623188405797,143486.99999999999999860077,497274.00000000000000139923,0.22393216815630164757,478.1638508128785464,2.49700000000000000000,69,640761,0.60869565217391304348,0.21739130434782608696,0.47816385081287854640,District-procured,True
94,LA,2019,29.99999999999999999979,39.00000000000000000021,0.43478260869565217391,0.14492753623188405797,0.14492753623188405797,258514.00000000000000270452,379099.99999999999999729548,0.40543965471272588118,682.4541049614413431,1.75000000000000000000,69,637614,0.60869565217391304348,0.21739130434782608696,0.68245410496144134310,District-procured,True
95,MA,2015,8.10671936758893280688,284.89328063241106719312,0.02766798418972332016,,0.09660321015304217992,58382.11887138737067223200,803217.88112861262932776800,0.06776011939576064377,138.8266905508284819,6.81285714285714285701,293,861600,0.31058020477815699659,0.63481228668941979522,0.13882669055082848190,District-procured,False
96,MA,2016,10.50597609561752988091,282.49402390438247011909,0.03585657370517928287,0.00818858951545596271,0.09660321015304217992,60788.29873768253783619010,798701.70126231746216380990,0.07072601046862969649,186.5671641791044776,5.20000000000000000000,293,859490,0.30716723549488054608,0.65187713310580204778,0.18656716417910447760,District-procured,True
97,MA,2017,14.20370370370370370425,280.79629629629629629575,0.04814814814814814815,0.01229157444296886528,0.09660321015304217992,90840.28182160818083892814,772161.71817839181916107186,0.10526080104288075907,249.2739034877486748,4.13863095238095404761900000000000,295,863002,0.30847457627118644068,0.66101694915254237288,0.24927390348774867475,District-procured,True
98,MA,2018,23.72631578947368421032,270.27368421052631578968,0.08070175438596491228,0.03255360623781676413,0.09660321015304217992,105791.50530934062440702724,770806.49469065937559297276,0.12068417371399504038,343.0531732418524871,3.200723404255319148936,294,876598,0.30952380952380952381,0.67006802721088435374,0.34305317324185248710,District-procured,True
99,MA,2019,51.95035460992907801460,241.04964539007092198540,0.17730496453900709220,0.09660321015304217992,0.09660321015304217992,195939.69273375460929630808,676282.30726624539070369192,0.22464429094170361364,450.2921407547335589,2.1562105263157894736842,293,872222,0.31058020477815699659,0.67235494880546075085,0.45029214075473355885,District-procured,True
100,MD,2015,1.04347826086956521736,22.95652173913043478264,0.04347826086956521739,,0.03571428571428571428,51444.84258091007503435938,759728.15741908992496564062,0.06342030933094429306,76.6283524904214559,3.0092903512435247713776,24,811173,0.45833333333333333333,0E-20,0.07662835249042145590,District-procured,False
101,MD,2016,1.14285714285714285720,22.85714285714285714280,0.04761904761904761905,0.00414078674948240166,0.03571428571428571428,74699.34221290129929911928,757852.65778709870070088072,0.08972333525461628739,100.0682283375028428,2.9699209523809523809524,24,832552,0.41666666666666666667,0E-20,0.10006822833750284280,District-procured,False
102,MD,2017,1.14285714285714285720,22.85714285714285714280,0.04761904761904761905,0E-20,0.03571428571428571428,73341.95834014567852791549,763841.04165985432147208451,0.08760564696147160003,168.7059851757231457,2.3914440794172261105556,24,837183,0.41666666666666666667,0E-20,0.16870598517572314570,District-procured,False
103,MD,2018,1.99999999999999999992,22.00000000000000000008,0.08333333333333333333,0.03571428571428571428,0.03571428571428571428,184744.99999999999999885364,699651.00000000000000114636,0.20889397961998923559,169.7366247635574706,1.91666666666666666667,24,884396,0.41666666666666666667,0E-20,0.16973662476355747060,District-procured,False
104,MD,2019,1.99999999999999999992,22.00000000000000000008,0.08333333333333333333,0E-20,0.03571428571428571428,238646.00000000000000375604,640752.99999999999999624396,0.27137397245164026796,237.0691135312258214,1.19772321428571428572,24,879399,0.41666666666666666667,0E-20,0.23706911353122582140,District-procured,False
105,ME,2015,79.41176470588235294175,95.58823529411764705825,0.45378151260504201681,,0.08902961445334326690,15719.91699098559691299042,158522.08300901440308700958,0.09021887369856634401,909.0909090909090909,3.3152436200168572725061,175,174242,0.86857142857142857143,0.75428571428571428571,0.90909090909090909090,State Procured,False
106,ME,2016,95.12408759124087591155,85.87591240875912408845,0.52554744525547445255,0.07176593265043243574,0.08902961445334326690,33419.61031043575885794907,138013.38968956424114205093,0.19494269079136314979,1039.5010395010395010,1.6096275388554397861917,181,171433,0.87292817679558011050,0.78453038674033149171,1.03950103950103950000,State Procured,False
107,ME,2017,104.03389830508474576350,81.96610169491525423650,0.55932203389830508475,0.03377458864283063220,0.08902961445334326690,40315.70313372857837951740,130766.29686627142162048260,0.23565134341268268070,1075.2688172043010753,1.452940271283646025548,186,171082,0.87096774193548387097,0.82258064516129032258,1.07526881720430110000,State Procured,False
108,ME,2018,118.64835164835164835195,64.35164835164835164805,0.64835164835164835165,0.08902961445334326690,0.08902961445334326690,65299.73757308678245295124,108422.26242691321754704876,0.37588640225812955442,1583.8127674690437960,0.9476463293605678625517,183,173722,0.86885245901639344262,0.83606557377049180328,1.58381276746904382,State Procured,False
109,ME,2019,118.29281767955801104938,64.70718232044198895062,0.64640883977900552486,-0.00194280857264282679,0.08902961445334326690,61905.92988929889298857120,111674.07011070110701142880,0.35664206642066420664,1557.0260801868431296,0.8985107099786430244880,183,173580,0.86885245901639344262,0.83606557377049180328,1.55702608018684313000,State Procured,False
110,MI,2015,94.78260869565217391565,450.21739130434782608435,0.17391304347826086957,,0.10463344064550307673,64560.76738623119700950562,1300070.23261376880299049438,0.04731005479593472302,259.6789423984891407,7.8127142857142857142857,545,1364631,0.66605504587155963303,0.66238532110091743119,0.25967894239848914070,Regional procurement,False
111,MI,2016,140.86415094339622641734,400.13584905660377358266,0.26037735849056603774,0.08646431501230516817,0.10463344064550307673,170274.43122556810859248632,1174146.56877443189140751368,0.12665261196125923992,342.1435292105038063,4.18750000000000000000,541,1344421,0.66543438077634011091,0.68022181146025878004,0.34214352921050380630,Regional procurement,False
112,MI,2017,197.10583153347732181380,342.89416846652267818620,0.36501079913606911447,0.10463344064550307673,0.10463344064550307673,352793.24498088226902372610,973900.75501911773097627390,0.26591907778348456315,593.5422602089268756,1.5017263095629130513832,540,1326694,0.66481481481481481481,0.70370370370370370370,0.59354226020892687560,Regional procurement,False
113,MI,2018,211.62035225048923678888,326.37964774951076321112,0.39334637964774951076,0.02833558051168039629,0.10463344064550307673,410615.71884459222773993407,924991.28115540777226006593,0.30743753128322345401,717.8750897343862168,1.08767563019464239586230,538,1335607,0.67100371747211895911,0.70631970260223048327,0.71787508973438621680,Regional procurement,False
114,MI,2019,260.05088062622309197758,277.94911937377690802242,0.48336594911937377691,0.09001956947162426615,0.10463344064550307673,523341.68169093078191384076,781836.31830906921808615924,0.40097341641594539742,943.3962264150943396,0.6498000000000000000000,538,1305178,0.67100371747211895911,0.70631970260223048327,0.94339622641509433960,Regional procurement,False
115,MN,2015,51.01027397260273972571,279.98972602739726027429,0.15410958904109589041,,0.12898294329173316924,91531.93514605994803195367,688797.06485394005196804633,0.11729915861906958223,212.1731772415686593,15.375000000000000000000,331,780329,0.85196374622356495468,0.77039274924471299094,0.21217317724156865925,Regional procurement,False
116,MN,2016,81.19551282051282051223,247.80448717948717948777,0.24679487179487179487,0.09268528275377590446,0.12898294329173316924,118773.22629740009165442648,658918.77370259990834557352,0.15272527722723146394,365.6502658818889480,6.4274537818434109439398,329,777692,0.85106382978723404255,0.78723404255319148936,0.36565026588188894795,Regional procurement,True
117,MN,2017,111.36956521739130434660,217.63043478260869565340,0.33850931677018633540,0.09171444497531454053,0.12898294329173316924,152501.09536231130972098464,624951.90463768869027901536,0.19615474551170464288,531.1642871014445732,4.10721428571428571429,329,777453,0.85106382978723404255,0.81762917933130699088,0.53116428710144457315,Regional procurement,True
118,MN,2018,153.80495356037151702656,175.19504643962848297344,0.46749226006191950464,0.12898294329173316924,0.12898294329173316924,177630.24737907451044905954,612655.75262092548955094046,0.22476704304400496839,889.6797153024911032,2.40000000000000000000,329,790286,0.85106382978723404255,0.81762917933130699088,0.88967971530249110320,Regional procurement,True
119,MN,2019,170.03363914373088685132,158.96636085626911314868,0.51681957186544342508,0.04932731180352392044,0.12898294329173316924,245475.38463189471451662300,547874.61536810528548337700,0.30941625339622450938,1006.0362173038229376,2.2516450000000000000000,329,793350,0.85106382978723404255,0.81762917933130699088,1.00603621730382290000,Regional procurement,True
120,MO,2015,47.63218390804597701334,470.36781609195402298666,0.09195402298850574713,,0.08315662650602409639,16465.89099021954877322121,847811.10900978045122677879,0.01905163621179268773,223.4992189243472439,18.2259310074603146792715,518,864277,0.87837837837837837838,0.83590733590733590734,0.22349921892434724390,State Procured,False
121,MO,2016,67.23318385650224215242,449.76681614349775784758,0.13004484304932735426,0.03809082006082160713,0.08315662650602409639,45966.99166321618164556062,820031.00833678381835443938,0.05307978963371298969,177.7462009198065758,16.2403488676805647409811,517,865998,0.88007736943907156673,0.85880077369439071567,0.17774620091980657575,State Procured,False
122,MO,2017,106.50200000000000000000,410.49800000000000000000,0.20600000000000000000,0.07595515695067264574,0.08315662650602409639,88346.08696773177011477740,774031.91303226822988522260,0.10244473649343068830,396.5894720948228677,6.5887182443008612341024,517,862378,0.88007736943907156673,0.85880077369439071567,0.39658947209482286770,State Procured,True
123,MO,2018,149.49397590361445783363,367.50602409638554216637,0.28915662650602409639,0.08315662650602409639,0.08315662650602409639,117152.04520115231222022027,748090.95479884768777977973,0.13539785378344847889,551.8846159117593759,4.1816564651154777192907,517,865243,0.88007736943907156673,0.85880077369439071567,0.55188461591175937585,State Procured,True
124,MO,2019,164.47105788423153692660,350.52894211576846307340,0.31936127744510978044,0.03020465093908568405,0.08315662650602409639,172121.07315810096446138028,706746.92684189903553861972,0.19584405525983533871,613.0790190735694823,3.1555043936884948890538,515,878868,0.87961165048543689320,0.85825242718446601942,0.61307901907356948230,State Procured,True
125,MS,2015,0E-20,143.00000000000000000000,0E-20,,0.10420076377523186033,0E-24,480797.00000000000000000000,0E-24,144.8855404230657780,7.63400000000000000000,143,480797,0.89510489510489510490,0.48951048951048951049,0.14488554042306577800,State Procured,False
126,MS,2016,1.08333333333333333368,141.91666666666666666632,0.00757575757575757576,0.00757575757575757576,0.10420076377523186033,278.81538047452427100090,479456.18461952547572899910,0.00058118623922483094,177.1167427082862779,7.09200000000000000000,143,479735,0.89510489510489510490,0.62937062937062937063,0.17711674270828627790,State Procured,False
127,MS,2017,4.05673758865248226925,138.94326241134751773075,0.02836879432624113475,0.02079303675048355899,0.10420076377523186033,23962.74184499243614639014,458459.25815500756385360986,0.04967174350463377737,206.5262288310615448,5.95800000000000000048,143,482422,0.89510489510489510490,0.62237762237762237762,0.20652622883106154480,State Procured,False
128,MS,2018,7.14893617021276595808,136.85106382978723404192,0.04964539007092198582,0.02127659574468085107,0.10420076377523186033,11663.49990288145608290880,482278.50009711854391709120,0.02361309607784204640,330.3600925008259002,5.956800000000000000834,144,493942,0.89583333333333333333,0.61111111111111111111,0.33036009250082590020,State Procured,False
129,MS,2019,21.99999999999999999945,121.00000000000000000055,0.15384615384615384615,0.10420076377523186033,0.10420076377523186033,25774.00000000000000237258,458646.99999999999999762742,0.05320578587633484098,451.8752824220515138,1.790940000000000000537,143,484421,0.89510489510489510490,0.60839160839160839161,0.45187528242205151380,State Procured,False
130,MT,2015,28.70642201834862385466,269.29357798165137614534,0.09633027522935779817,,0.15261487244996709634,1233.47415064313141554270,139456.52584935686858445730,0.00876731928810243383,201.0101010101010101,11.169500000000000000000,298,140690,0.96979865771812080537,0.95973154362416107383,0.20101010101010101010,District-procured,True
131,MT,2016,74.68354430379746835300,225.31645569620253164700,0.24894514767932489451,0.15261487244996709634,0.15261487244996709634,10881.97344063518091041274,131207.02655936481908958726,0.07658561493595690666,417.8498985801217039,7.86666666666666666667,300,142089,0.97000000000000000000,0.96333333333333333333,0.41784989858012170390,District-procured,True
132,MT,2017,96.00000000000000000000,204.00000000000000000000,0.32000000000000000000,0.07105485232067510549,0.15261487244996709634,13568.10936429061000619490,128826.89063570938999380510,0.09528501256568425862,561.8686868686868687,6.750000000000000000000,300,142395,0.97000000000000000000,0.96000000000000000000,0.56186868686868686870,District-procured,True
133,MT,2018,118.57707509881422924900,181.42292490118577075100,0.39525691699604743083,0.07525691699604743083,0.15261487244996709634,20889.80293805236009233186,124859.19706194763990766814,0.14332724710325532314,731.0344827586206897,5.3075789473684210526300,300,145749,0.97000000000000000000,0.96000000000000000000,0.73103448275862068970,District-procured,True
134,MT,2019,155.94901960784313725584,143.05098039215686274416,0.52156862745098039216,0.12631171045493296133,0.15261487244996709634,29349.66227382867241471140,117198.33772617132758528860,0.20027337305066375805,1005.0251256281407035,2.40000000000000000000,299,146548,0.96989966555183946488,0.96321070234113712375,1.00502512562814070000,District-procured,True
135,NC,2015,0E-20,115.00000000000000000000,0E-20,,0.00884955752212389381,0E-24,1437568.00000000000000000000,0E-24,85.3228733022216034,12.60400000000000000050,115,1437568,0.76521739130434782609,0.16521739130434782609,0.08532287330222160335,State Procured,False
136,NC,2016,0E-20,115.00000000000000000000,0E-20,0E-20,0.00884955752212389381,0E-24,1439856.00000000000000000000,0E-24,225.0673277789972775,7.39700000000000000000,115,1439856,0.77391304347826086957,0.17391304347826086957,0.22506732777899727750,State Procured,False
137,NC,2017,1.01769911504424778815,113.98230088495575221185,0.00884955752212389381,0.00884955752212389381,0.00884955752212389381,2113.32615962275743140612,1445714.67384037724256859388,0.00145965277617421229,238.1803024889841610,4.4291600000000000000000,115,1447828,0.77391304347826086957,0.17391304347826086957,0.23818030248898416100,State Procured,False
138,NC,2018,2.00000000000000000040,112.99999999999999999960,0.01739130434782608696,0.00854174682570219315,0.00884955752212389381,4627.99999999999999652700,1464448.00000000000000347300,0.00315027949541072075,330.8337009263343626,4.03300000000000000020,115,1469076,0.76521739130434782609,0.17391304347826086957,0.33083370092633436260,State Procured,False
139,NC,2019,1.00000000000000000020,113.99999999999999999980,0.00869565217391304348,-0.00869565217391304348,0.00884955752212389381,168743.99999999999999360700,1292226.00000000000000639300,0.11550134499681718310,278.2415136338341681,4.42899999999999999982,115,1460970,0.76521739130434782609,0.17391304347826086957,0.27824151363383416810,State Procured,False
140,ND,2015,18.00000000000000000048,157.99999999999999999952,0.10227272727272727273,,0.56145771045113281510,1477.58828021381777222064,97616.41171978618222777936,0.01491097624693541256,268.2526897186583051,141.63614419703736089753,176,99094,0.97159090909090909091,0.94886363636363636364,0.26825268971865830505,State Procured,False
141,ND,2016,18.42105263157894736925,156.57894736842105263075,0.10526315789473684211,0.00299043062200956938,0.56145771045113281510,12858.68909969181001512366,88703.31090030818998487634,0.12660925444252584643,561.7977528089887640,13.43209234736723999060,175,101562,0.97142857142857142857,0.94857142857142857143,0.56179775280898876400,State Procured,False
142,ND,2017,23.95833333333333333300,151.04166666666666666700,0.13690476190476190476,0.03164160401002506265,0.56145771045113281510,25336.01525944028849880039,77332.98474055971150119961,0.24677376091556641731,586.5153078775369797,11.93879118292093622826,175,102669,0.97142857142857142857,0.94857142857142857143,0.58651530787753697970,State Procured,False
143,ND,2018,22.99999999999999999926,151.00000000000000000074,0.13218390804597701149,-0.00472085385878489327,0.56145771045113281510,24919.99999999999999956497,89459.00000000000000043503,0.21787216184789165843,533.0878174088976790,9.57562383740957630047,174,114379,0.97126436781609195402,0.94827586206896551724,0.53308781740889767895,State Procured,False
144,ND,2019,120.69364161849710982666,53.30635838150289017334,0.69364161849710982659,0.56145771045113281510,0.56145771045113281510,81638.61491443685336949840,25801.38508556314663050160,0.75985307999289699711,2976.1904761904761905,1.0470033265961984515303,174,107440,0.97126436781609195402,0.94827586206896551724,2.9761904761904762,State Procured,False
145,NE,2015,48.05084745762711864507,194.94915254237288135493,0.19774011299435028249,,0.07065815540391811578,14317.76162048784780874296,274396.23837951215219125704,0.04959150446631561964,450.4504504504504505,14.1248582704220431427839,243,288714,0.95061728395061728395,0.88477366255144032922,0.45045045045045045050,State Procured,False
146,NE,2016,65.22077922077922077961,177.77922077922077922039,0.26839826839826839827,0.07065815540391811578,0.07065815540391811578,31492.21210140895562645118,260809.78789859104437354882,0.10773861315149727209,574.0528128587830080,4.0873151933616602007707,243,292302,0.95061728395061728395,0.89300411522633744856,0.57405281285878300800,State Procured,False
147,NE,2017,69.26160337552742615980,175.73839662447257384020,0.28270042194092827004,0.01430215354265987177,0.07065815540391811578,32762.45092854938704576494,264276.54907145061295423506,0.11029679916963559346,609.7560975609756098,3.9001632754074644176025,245,297039,0.95102040816326530612,0.89387755102040816327,0.60975609756097560980,State Procured,False
148,NE,2018,75.22821576763485477275,169.77178423236514522725,0.30705394190871369295,0.02435351996778542291,0.07065815540391811578,55235.66344778254649608528,252035.33655221745350391472,0.17976204538593797168,653.5947712418300654,3.7854944536202027966393,245,307271,0.95510204081632653061,0.89387755102040816327,0.65359477124183006540,State Procured,False
149,NE,2019,82.00413223140495867720,162.99586776859504132280,0.33471074380165289256,0.02765680189293919961,0.07065815540391811578,62312.42533536498080355588,253035.57466463501919644412,0.19759892352374196381,739.0339648404164533,3.2063524394434522870987,245,315348,0.95510204081632653061,0.89387755102040816327,0.73903396484041645330,State Procured,False
150,NH,2015,15.68695652173913043464,148.31304347826086956536,0.09565217391304347826,,0.09342861281444642943,1093.21287546096378956682,182317.78712453903621043318,0.00596045425552973262,168.9189189189189189,8.00000000000000000000,164,183411,0.76829268292682926829,0.89024390243902439024,0.16891891891891891890,District-procured,True
151,NH,2016,8.96875000000000000000,155.03125000000000000000,0.05468750000000000000,-0.04096467391304347826,0.09342861281444642943,601.18551215611205842216,179537.81448784388794157784,0.00333734234205869944,248.0133509377639640,5.82833333333333333334,164,180139,0.76829268292682926829,0.89024390243902439024,0.24801335093776396395,District-procured,True
152,NH,2017,17.58992805755395683472,145.41007194244604316528,0.10791366906474820144,0.05322616906474820144,0.09342861281444642943,6294.63947654720089607738,171372.36052345279910392262,0.03542942401541761214,376.3643206624012044,4.607500000000000000000,163,177667,0.76687116564417177914,0.88957055214723926380,0.37636432066240120440,District-procured,True
153,NH,2018,32.81879194630872483181,130.18120805369127516819,0.20134228187919463087,0.09342861281444642943,0.09342861281444642943,27468.97379779854718100764,148717.02620220145281899236,0.15590894734995145574,476.4740917212626563,3.43875000000000000000,163,176186,0.76687116564417177914,0.88957055214723926380,0.47647409172126265630,District-procured,True
154,NH,2019,45.97435897435897435864,117.02564102564102564136,0.28205128205128205128,0.08070900017208742041,0.09342861281444642943,32381.02053770824797555930,143848.97946229175202444070,0.18374295260573255391,599.3431855500821018,2.3429333333333333333333,163,176230,0.76687116564417177914,0.88957055214723926380,0.59934318555008210180,District-procured,True
155,NJ,2015,31.63106796116504854506,511.36893203883495145494,0.05825242718446601942,,0.07108842467883209129,39463.82048362077255041152,1229253.17951637922744958848,0.03110529809533629056,209.0552778343667348,6.50000000000000000000,543,1268717,0.20994475138121546961,0.76611418047882136280,0.20905527783436673475,District-procured,False
156,NJ,2016,43.43325526932084308890,518.56674473067915691110,0.07728337236533957845,0.01903094518087355903,0.07108842467883209129,84645.93929834035841318990,1199188.06070165964158681010,0.06593215267576677235,276.2430939226519337,5.1818519815834612259667,562,1283834,0.21352313167259786477,0.77402135231316725979,0.27624309392265193370,District-procured,False
157,NJ,2017,75.16071428571428571324,473.83928571428571428676,0.13690476190476190476,0.05962138953942232631,0.07108842467883209129,141934.75555529143897269868,1123491.24444470856102730132,0.11216361569565619718,363.2424501514719698,3.9838850000000000000000,549,1265426,0.21129326047358834244,0.77049180327868852459,0.36324245015147196975,District-procured,True
158,NJ,2018,112.27016885553470919296,431.72983114446529080704,0.20637898686679174484,0.06947422496202984008,0.07108842467883209129,186413.63702049582545754886,1095239.36297950417454245114,0.14544782169627490862,493.5834155972359329,2.990300000000000000000,544,1281653,0.21875000000000000000,0.76654411764705882353,0.49358341559723593290,District-procured,True
159,NJ,2019,150.94227188081936685472,393.05772811918063314528,0.27746741154562383613,0.07108842467883209129,0.07108842467883209129,275037.18067115950410507278,1002976.81932884049589492722,0.21520670405109764377,608.4656084656084656,2.2214500000000000000000,544,1278014,0.21875000000000000000,0.76654411764705882353,0.60846560846560846560,District-procured,True
160,NM,2015,1.09876543209876543189,87.90123456790123456811,0.01234567901234567901,,0.15838602830472749172,41.85237768926577819442,308551.14762231073422180558,0.00013562322440646994,142.8571428571428571,16.00000000000000000000,89,308593,0.91011235955056179775,0.62921348314606741573,0.14285714285714285710,District-procured,True
161,NM,2016,15.19512195121951219497,73.80487804878048780503,0.17073170731707317073,0.15838602830472749172,0.15838602830472749172,20274.19238863791739749360,293443.80761136208260250640,0.06462553117334012520,244.3027197351878670,11.1612100000000000000000,89,313718,0.92134831460674157303,0.61797752808988764045,0.24430271973518786700,District-procured,True
162,NM,2017,20.69767441860465116277,68.30232558139534883723,0.23255813953488372093,0.06182643221781055020,0.15838602830472749172,22825.25334004894648921352,294110.74665995105351078648,0.07201849376545721057,371.8512594962015194,6.8210400000000000000000,89,316936,0.92134831460674157303,0.62921348314606741573,0.37185125949620151940,District-procured,True
163,NM,2018,32.36363636363636363604,56.63636363636363636396,0.36363636363636363636,0.13107822410147991543,0.15838602830472749172,119724.25313667549215004520,192895.74686332450784995480,0.38297054934641255246,518.9542835603898552,5.0623250000000000000000,89,312620,0.91011235955056179775,0.62921348314606741573,0.51895428356038985515,District-procured,True
164,NM,2019,33.75862068965517241410,55.24137931034482758590,0.37931034482758620690,0.01567398119122257054,0.15838602830472749172,131489.66458720256520163360,183950.33541279743479836640,0.41684524659904439894,729.9270072992700730,3.60000000000000000000,89,315440,0.91011235955056179775,0.64044943820224719101,0.72992700729927007300,District-procured,True
165,NV,2015,0E-20,17.00000000000000000000,0E-20,,0.21960784313725490196,0E-24,418102.00000000000000000000,0E-24,78.5694674037463393,13.9026811594202898550725,17,418102,0.82352941176470588235,0.29411764705882352941,0.07856946740374633925,District-procured,False
166,NV,2016,2.26666666666666666661,14.73333333333333333339,0.13333333333333333333,0.13333333333333333333,0.21960784313725490196,3220.63600790360699104912,425273.36399209639300895088,0.00751617527410793848,239.8477157360406091,2.9337100000000000000000,17,428494,0.82352941176470588235,0.35294117647058823529,0.23984771573604060910,District-procured,False
167,NV,2017,5.99999999999999999993,11.00000000000000000007,0.35294117647058823529,0.21960784313725490196,0.21960784313725490196,17143.99999999999999872505,406001.00000000000000127495,0.04051566247976461969,402.1717273275688719,0.37108314828522082408,17,423145,0.82352941176470588235,0.35294117647058823529,0.40217172732756887190,District-procured,True
168,NV,2018,7.00000000000000000006,9.99999999999999999994,0.41176470588235294118,0.05882352941176470589,0.21960784313725490196,26384.00000000000000156748,402012.99999999999999843252,0.06158773287394636284,371.9546215361725869,0.3221971250000000000000,17,428397,0.82352941176470588235,0.35294117647058823529,0.37195462153617258690,District-procured,True
169,NV,2019,8.99999999999999999998,8.00000000000000000002,0.52941176470588235294,0.11764705882352941176,0.21960784313725490196,31374.99999999999999947931,411908.00000000000000052069,0.07077871247036317657,1060.4734945959855893,0.74950000000000000000,17,443283,0.82352941176470588235,0.35294117647058823529,1.06047349459598559000,District-procured,True
170,NY,2015,244.81561822125813448920,439.18438177874186551080,0.35791757049891540130,,0.07394083658073061640,239476.85966287159893850740,2318383.14033712840106149260,0.09362391204478415509,614.6281499692685925,1.9638929169661142776799,684,2557860,0.59210526315789473684,0.77631578947368421053,0.61462814996926859250,Regional procurement,False
171,NY,2016,297.11858407079646017760,390.88141592920353982240,0.43185840707964601770,0.07394083658073061640,0.07394083658073061640,575359.76228805182335643200,1986840.23771194817664356800,0.22455692853331192856,783.4757834757834758,1.5715419795092602810839,688,2562200,0.58575581395348837209,0.78488372093023255814,0.78347578347578347580,Regional procurement,False
172,NY,2017,265.40996784565916398520,419.59003215434083601480,0.38745980707395498392,-0.04439860000569103378,0.07394083658073061640,470987.64816048359900747433,2070315.35183951640099252567,0.18533313349902927711,621.0126827972642343,1.9644712374484826006353,685,2541303,0.58832116788321167883,0.78686131386861313869,0.62101268279726423430,Regional procurement,False
173,NY,2018,211.47703703703703703729,471.52296296296296296271,0.30962962962962962963,-0.07783017744432535429,0.07394083658073061640,201945.33505081334165103078,2380732.66494918665834896922,0.07819222336304151801,561.4823133071308254,1.5578949821692955556970,683,2582678,0.59004392386530014641,0.78770131771595900439,0.56148231330713082540,Regional procurement,False
174,NY,2019,243.49187592319054652748,440.50812407680945347252,0.35598227474150664697,0.04635264511187701734,0.07394083658073061640,243573.14099580571501798234,2280085.85900419428498201766,0.09651586882213710926,628.9308176100628931,1.3969537977379864567449,684,2523659,0.58918128654970760234,0.78654970760233918129,0.62893081761006289310,Regional procurement,False
175,OH,2015,47.34059405940594059236,565.65940594059405940764,0.07722772277227722772,,0.05700492594687190079,87910.88876532339887771214,1498522.11123467660112228786,0.05541418311729735758,172.7115716753022453,8.7877818181818181818182,613,1586433,0.63621533442088091354,0.75367047308319738989,0.17271157167530224530,Regional procurement,False
176,OH,2016,66.66900175131348511690,547.33099824868651488310,0.10858143607705779335,0.03135371330478056563,0.05700492594687190079,135345.36161801389540229125,1437879.63838198610459770875,0.08603051796024973885,222.3457476375764314,6.5158333333333500000000000000000,614,1573225,0.63680781758957654723,0.77524429967426710098,0.22234574763757643140,Regional procurement,False
177,OH,2017,61.19402985074626865895,553.80597014925373134105,0.09950248756218905473,-0.00907894851486873862,0.05700492594687190079,94467.93407476676842172836,1464696.06592523323157827164,0.06058883739925162999,263.0886608787161273,5.30000000000000000000,615,1559164,0.63414634146341463415,0.78048780487804878049,0.26308866087871612730,Regional procurement,False
178,OH,2018,95.15650741350906095616,512.84349258649093904384,0.15650741350906095552,0.05700492594687190079,0.05700492594687190079,167593.75136569935181570248,1372040.24863430064818429752,0.10885298153048019972,346.0207612456747405,4.1762850000000000000000,608,1539634,0.63980263157894736842,0.78782894736842105263,0.34602076124567474050,Regional procurement,False
179,OH,2019,106.99999999999999999712,501.00000000000000000288,0.17598684210526315789,0.01947942859620220237,0.05700492594687190079,233674.00000000000000545150,1337920.99999999999999454850,0.14868588917628269370,370.0994693688584993,3.80000000000000000000,608,1571595,0.63980263157894736842,0.78947368421052631579,0.37009946936885849925,Regional procurement,False
180,OK,2015,31.81250000000000000000,477.18750000000000000000,0.06250000000000000000,,0.18132283464566929134,10681.23917881262563206039,606907.76082118737436793961,0.01729506059663081051,221.6408391336778966,24.2866666666666666666667,509,617589,0.94106090373280943026,0.91159135559921414538,0.22164083913367789660,District-procured,False
181,OK,2016,39.82646420824295010690,470.17353579175704989310,0.07809110629067245119,0.01559110629067245119,0.18132283464566929134,13641.74977487370032927628,610562.25022512629967072372,0.02185463370127987057,297.8723404255319149,14.9954166666666666666667,510,624204,0.94117647058823529412,0.91568627450980392157,0.29787234042553191490,District-procured,True
182,OK,2017,120.59600000000000000000,390.40400000000000000000,0.23600000000000000000,0.15790889370932754881,0.18132283464566929134,60664.93619118841418982353,569102.06380881158581017647,0.09632917601460288359,473.9442946990116802,9.022916666666666666665,511,629767,0.94129158512720156556,0.91585127201565557730,0.47394429469901168015,District-procured,True
183,OK,2018,213.25196850393700787474,297.74803149606299212526,0.41732283464566929134,0.18132283464566929134,0.18132283464566929134,166926.72810906553593251952,485900.27189093446406748048,0.25569826019614007376,853.1947852284374321,5.2690800000000000000000,511,652827,0.93933463796477495108,0.91585127201565557730,0.85319478522843743205,District-procured,True
184,OK,2019,287.56274509803921568397,223.43725490196078431603,0.56274509803921568627,0.14542226339354639493,0.18132283464566929134,213451.57010488066727339984,453060.42989511933272660016,0.32025165354094249957,1127.4659345129143787,3.5109450000000000000000,511,666512,0.93933463796477495108,0.91585127201565557730,1.12746593451291440000,District-procured,True
185,OR,2015,14.28571428571428571440,165.71428571428571428560,0.07936507936507936508,,0.19656809054399415845,9556.99545258508334266283,518396.00454741491665733717,0.01810198152597879611,164.6011106596234593,8.99572699409434103293,180,527953,0.81666666666666666667,0.67777777777777777778,0.16460111065962345930,Regional procurement,False
186,OR,2016,28.60927152317880794640,151.39072847682119205360,0.15894039735099337748,0.07957531798591401240,0.19656809054399415845,34498.95257721981321370548,502080.04742278018678629452,0.06429426529405700412,265.9574468085106383,5.9554598798965053807300,180,536579,0.81666666666666666667,0.67222222222222222222,0.26595744680851063830,Regional procurement,False
187,OR,2017,36.46296296296296296230,142.53703703703703703770,0.20370370370370370370,0.04476330635271032622,0.19656809054399415845,85861.94297088367356489624,453712.05702911632643510376,0.15912913329938743076,382.1065244378837124,3.97710854744109142698,179,539574,0.81564245810055865922,0.68156424581005586592,0.38210652443788371235,Regional procurement,False
188,OR,2018,65.80606060606060606066,130.53333333333333333274,0.36969696969696969697,0.16599326599326599327,0.19656809054399415845,221311.10498188810876189688,328626.32574571799114629492,0.40499642234247126694,544.0663727022238860,2.93228033762560003393705052815417,178,546452,0.81460674157303370787,0.67977528089887640449,0.52919085011949470810,Regional procurement,False
189,OR,2019,100.79518072289156626476,93.28915662650602409660,0.56626506024096385542,0.19656809054399415845,0.19656809054399415845,254994.69432279402580150929,293769.17376713592966134060,0.46800640598986153293,985.2216748768472906,1.8292321735361965032495,178,544853,0.81460674157303370787,0.67977528089887640449,0.87793088096920547890,Regional procurement,False
190,PA,2015,18.06963788300835654610,480.93036211699164345390,0.03621169916434540390,,0.11202950686580534987,15054.76733876222331364140,1591675.23266123777668635860,0.00936981779064449118,154.7987616099071207,6.08000000000000000000,499,1606730,0.49098196392785571142,0.64929859719438877756,0.15479876160990712070,Regional procurement,False
191,PA,2016,73.97236180904522613123,425.02763819095477386877,0.14824120603015075377,0.11202950686580534987,0.11202950686580534987,151085.61894157453224149696,1438070.38105842546775850304,0.09507286820272807216,300.1233189783953545,2.9238192114287766253640,499,1589156,0.49098196392785571142,0.68136272545090180361,0.30012331897839535445,Regional procurement,False
192,PA,2017,124.75000000000000000000,374.25000000000000000000,0.25000000000000000000,0.10175879396984924623,0.11202950686580534987,348619.72811602753730284998,1222491.27188397246269715002,0.22189376060381955018,398.4073863142142232,2.1800955608615034964038,499,1571111,0.49098196392785571142,0.69138276553106212425,0.39840738631421422320,Regional procurement,False
193,PA,2018,167.67203219315895372383,331.32796780684104627617,0.33601609657947686117,0.08601609657947686117,0.11202950686580534987,562757.08271931479857156164,1036188.91728068520142843836,0.35195502707365652034,618.4291898577612863,1.56874438484988503391,499,1598946,0.48697394789579158317,0.69539078156312625251,0.61842918985776128630,Regional procurement,False
194,PA,2019,186.00000000000000000214,312.99999999999999999786,0.37274549098196392786,0.03672939440248706669,0.11202950686580534987,468132.99999999999999940752,1104720.00000000000000059248,0.29763302737128008784,727.2727272727272727,1.28355130017143376661,499,1572853,0.48697394789579158317,0.69739478957915831663,0.72727272727272727270,Regional procurement,False
195,RI,2015,0E-20,36.00000000000000000000,0E-20,,0.05476190476190476190,0E-24,131988.00000000000000000000,0E-24,150.5345642587481362,14.0833299999999999998303,36,131988,0.25000000000000000000,0.41666666666666666667,0.15053456425874813620,State Procured,False
196,RI,2016,0E-20,36.00000000000000000000,0E-20,0E-20,0.05476190476190476190,0E-24,130749.00000000000000000000,0E-24,159.5879026870243935,12.2951699999999999999806,36,130749,0.25000000000000000000,0.47222222222222222222,0.15958790268702439345,State Procured,False
197,RI,2017,1.00000000000000000008,34.99999999999999999992,0.02777777777777777778,0.02777777777777777778,0.05476190476190476190,471.00000000000000001095,129371.99999999999999998905,0.00362745777592939165,218.6999843632021676,9.1731534714310374600861,36,129843,0.25000000000000000000,0.47222222222222222222,0.21869998436320216755,State Procured,False
198,RI,2018,1.02857142857142857148,34.97142857142857142852,0.02857142857142857143,0.00079365079365079365,0.05476190476190476190,506.44820748235587990046,131611.55179251764412009954,0.00383330210480294797,299.2220227408737283,6.957500000000000000259,36,132118,0.25000000000000000000,0.47222222222222222222,0.29922202274087372830,State Procured,False
199,RI,2019,2.99999999999999999988,33.00000000000000000012,0.08333333333333333333,0.05476190476190476190,0.05476190476190476190,5595.00000000000000007740,124475.99999999999999992260,0.04301496874783771940,385.2192158503758707,5.9815650000000000002130,36,130071,0.25000000000000000000,0.47222222222222222222,0.38521921585037587070,State Procured,False
200,SC,2015,2.04878048780487804876,81.95121951219512195124,0.02439024390243902439,,0.16924842226047045324,216.95673954421214632872,690239.04326045578785367128,0.00031422239729137287,116.4255372424691417,15.9097042585321655088308,84,690456,0.69047619047619047619,0.32142857142857142857,0.11642553724246914165,State Procured,False
201,SC,2016,2.00000000000000000010,80.99999999999999999990,0.02409638554216867470,-0.00029385836027034969,0.16924842226047045324,254.00000000000000303328,695857.99999999999999696672,0.00036488381180039994,164.7834274952919021,14.5363883495145631072332,83,696112,0.67469879518072289157,0.31325301204819277108,0.16478342749529190210,State Procured,False
202,SC,2017,5.18518518518518518504,78.81481481481481481496,0.06172839506172839506,0.03763200951955972036,0.16924842226047045324,12957.60007483785132054150,696965.39992516214867945850,0.01825212040578746050,172.7712508638562543,2.86756090026478375990,84,709923,0.66666666666666666667,0.32142857142857142857,0.17277125086385625430,State Procured,False
203,SC,2018,4.00000000000000000020,79.99999999999999999980,0.04761904761904761905,-0.01410934744268077601,0.16924842226047045324,11269.99999999999999841949,715513.00000000000000158051,0.01550669181860335203,248.4355063124755548,2.63666666666666666667,84,726783,0.67857142857142857143,0.32142857142857142857,0.24843550631247555480,State Procured,False
204,SC,2019,18.00000000000000000007,64.99999999999999999993,0.21686746987951807229,0.16924842226047045324,0.16924842226047045324,32172.00000000000000068376,706271.99999999999999931624,0.04356728472301217154,484.7309743092583616,1.59700000000000000000,83,738444,0.67469879518072289157,0.31325301204819277108,0.48473097430925836160,State Procured,False
205,SD,2015,1.15267175572519083898,149.84732824427480916102,0.00763358778625954198,,0.68456375838926174497,199.24717373520338261204,126941.75282626479661738796,0.00156713549315487044,259.4142259414225941,23.2317700107005086513025,151,127141,0.98013245033112582781,0.81456953642384105960,0.25941422594142259410,State Procured,False
206,SD,2016,2.32307692307692307762,148.67692307692307692238,0.01538461538461538462,0.00775102759835584264,0.68456375838926174497,938.97119892833221670628,126505.02880107166778329372,0.00736771600803750837,406.3701817221031618,9.8335752697704341790214,151,127444,0.98013245033112582781,0.84105960264900662252,0.40637018172210316175,State Procured,False
207,SD,2017,25.16666666666666666717,125.83333333333333333283,0.16666666666666666667,0.15128205128205128205,0.68456375838926174497,7595.95885462220025052580,121609.04114537779974947420,0.05878997604289462676,655.3091203913646920,6.78365875236114099901,151,129205,0.98013245033112582781,0.85430463576158940397,0.65530912039136469195,State Procured,False
208,SD,2018,41.99999999999999999978,107.00000000000000000022,0.28187919463087248322,0.11521252796420581655,0.68456375838926174497,45398.99999999999999982180,87731.00000000000000017820,0.34101254412979794186,772.7975270479134467,5.314667075033535190733,149,133130,0.97986577181208053691,0.85906040268456375839,0.77279752704791344670,State Procured,False
209,SD,2019,144.00000000000000000031,4.99999999999999999969,0.96644295302013422819,0.68456375838926174497,0.68456375838926174497,106003.99999999999999995045,27661.00000000000000004955,0.79305727004077357573,2770.0831024930747922,1.128850577937380765261,149,133665,0.97986577181208053691,0.85234899328859060403,2.7700831024930748,State Procured,False
210,TN,2015,0E-20,137.00000000000000000000,0E-20,,0.08773694800381234777,0E-24,953483.00000000000000000000,0E-24,135.8949305289736823,26.15000000000000000000,137,953483,0.78102189781021897810,0.32846715328467153285,0.13589493052897368225,District-procured,False
211,TN,2016,8.30075187969924812028,129.69924812030075187972,0.06015037593984962406,0.06015037593984962406,0.08773694800381234777,31263.95256576861138093000,925240.04743423138861907000,0.03268564748894788875,374.3215422047538836,8.00000000000000000000,138,956504,0.77536231884057971014,0.36956521739130434783,0.37432154220475388360,District-procured,False
212,TN,2017,20.99999999999999999986,121.00000000000000000014,0.14788732394366197183,0.08773694800381234777,0.08773694800381234777,145828.99999999999999755200,800691.00000000000000244800,0.15406858809111270760,459.3501493046236325,8.00000000000000000000,142,946520,0.75352112676056338028,0.38028169014084507042,0.45935014930462363250,District-procured,False
213,TN,2018,26.18439716312056737638,115.81560283687943262362,0.18439716312056737589,0.03650983917690540406,0.08773694800381234777,97700.55668332044542942950,850849.44331667955457057050,0.10299990162175999729,503.2712632108706593,8.00000000000000000000,142,948550,0.76760563380281690141,0.37323943661971830986,0.50327126321087065930,District-procured,False
214,TN,2019,32.00000000000000000026,109.99999999999999999974,0.22535211267605633803,0.04095494955548896214,0.08773694800381234777,193152.00000000000000237762,786410.99999999999999762238,0.19718180453937112774,534.3310939868836920,8.00000000000000000000,142,979563,0.76760563380281690141,0.38028169014084507042,0.53433109398688369200,District-procured,False
215,TX,2015,47.89966555183946488308,975.10033444816053511692,0.04682274247491638796,,0.21146626177212965087,29130.61994577829236171120,4588664.38005422170763828880,0.00630833979112937936,134.6257404415724286,20.6558490566037735849057,1023,4617795,0.82404692082111436950,0.69208211143695014663,0.13462574044157242860,Regional procurement,False
216,TX,2016,57.01607717041800643464,965.98392282958199356536,0.05573419078242229368,0.00891144830750590572,0.21146626177212965087,246060.94620591521792861036,4460151.05379408478207138964,0.05228428855434375203,205.3388090349075975,14.27777777777777777778,1023,4706212,0.82209188660801564027,0.74193548387096774194,0.20533880903490759750,Regional procurement,True
217,TX,2017,128.54450261780104711833,894.45549738219895288167,0.12565445026178010471,0.06992025947935781103,0.21146626177212965087,328581.20443462480333965190,4460529.79556537519666034810,0.06861006237579893290,296.7359050445103858,8.908816674032979503354,1023,4789111,0.82209188660801564027,0.76735092864125122190,0.29673590504451038580,Regional procurement,True
218,TX,2018,232.17740336967294350958,790.82259663032705649042,0.22695738354806739346,0.10130293328628728875,0.21146626177212965087,866444.12646890824256378536,4148011.87353109175743621464,0.17278925699396070931,444.4444444444444444,4.751566291114058598137,1023,5014456,0.82404692082111436950,0.76148582600195503421,0.44444444444444444440,Regional procurement,True
219,TX,2019,448.50738916256157634959,574.49261083743842365041,0.43842364532019704433,0.21146626177212965087,0.21146626177212965087,1605255.78179536475794548282,3453518.21820463524205451718,0.31732111017320891543,742.4823660438064596,2.2223891483871749027030,1023,5058774,0.82404692082111436950,0.76050830889540566960,0.74248236604380645960,Regional procurement,True
220,UT,2015,9.46153846153846153843,31.53846153846153846157,0.23076923076923076923,,0.16239316239316239316,25039.40493592301306255020,524390.59506407698693744980,0.04557342142934134114,357.2704537334762415,,41,549430,0.63414634146341463415,0.21951219512195121951,0.35727045373347624150,State Procured,False
221,UT,2016,9.11111111111111111102,31.88888888888888888898,0.22222222222222222222,-0.00854700854700854701,0.16239316239316239316,30278.96990323656990074025,525374.03009676343009925975,0.05449258782592115925,321.2443420408769301,3.2829004734040741406110,41,555653,0.63414634146341463415,0.21951219512195121951,0.32124434204087693005,State Procured,False
222,UT,2017,15.76923076923076923058,25.23076923076923076942,0.38461538461538461538,0.16239316239316239316,0.16239316239316239316,132778.32917769309648688352,432360.67082230690351311648,0.23494809096114955168,662.4710168930109308,1.9356347537313047255701,41,565139,0.63414634146341463415,0.26829268292682926829,0.66247101689301093080,State Procured,False
223,UT,2018,14.80555555555555555551,26.19444444444444444449,0.36111111111111111111,-0.02350427350427350427,0.16239316239316239316,115058.56784546231469721851,453244.43215453768530278149,0.20245989876080596917,649.9953526494123214,2.7087899173652726095821,41,568303,0.63414634146341463415,0.26829268292682926829,0.64999535264941232140,State Procured,False
224,UT,2019,15.94444444444444444449,25.05555555555555555551,0.38888888888888888889,0.02777777777777777778,0.16239316239316239316,129673.87463401115738592416,440418.12536598884261407584,0.22746131261973709048,682.4697254473890585,2.2810419738374277377307,41,570092,0.63414634146341463415,0.26829268292682926829,0.68246972544738905850,State Procured,False
225,VA,2015,0E-20,130.00000000000000000000,0E-20,,0.10016192458940550544,0E-24,1216812.00000000000000000000,0E-24,88.0514554811779063,14.22400000000000000000,130,1216812,0.68461538461538461538,0.36153846153846153846,0.08805145548117790625,District-procured,True
226,VA,2016,4.16000000000000000000,125.84000000000000000000,0.03200000000000000000,0.03200000000000000000,0.10016192458940550544,28018.78800559279626026712,1198257.21199440720373973288,0.02284868007332182662,157.6654053434239193,6.99500000000000000000,130,1226276,0.68461538461538461538,0.41538461538461538462,0.15766540534342391930,District-procured,True
227,VA,2017,9.06870229007633587752,122.93129770992366412248,0.06870229007633587786,0.03670229007633587786,0.10016192458940550544,69722.22535033131984945168,1180011.77464966868015054832,0.05578965231827838552,214.7971360381861575,4.996450000000000000000,132,1249734,0.68181818181818181818,0.43181818181818181818,0.21479713603818615750,District-procured,True
228,VA,2018,15.99999999999999999984,116.00000000000000000016,0.12121212121212121212,0.05250983113578533426,0.10016192458940550544,100461.00000000000000248928,1168427.99999999999999751072,0.07917240987982400352,279.8860351038936962,3.52500000000000000000,132,1268889,0.68181818181818181818,0.44696969696969696970,0.27988603510389369620,District-procured,True
229,VA,2019,29.22137404580152671792,102.77862595419847328208,0.22137404580152671756,0.10016192458940550544,0.10016192458940550544,155058.31820856836978278964,1123609.68179143163021721036,0.12126550301451852223,454.7521600727603456,2.0342650000000000000000,132,1278668,0.68181818181818181818,0.43939393939393939394,0.45475216007276034560,District-procured,True
230,VT,2015,5.74358974358974358960,50.25641025641025641040,0.10256410256410256410,,0.15287569573283858998,8866.07260396928293569644,67116.92739603071706430356,0.11668495063329011668,313.9717425431711146,6.7229180327868852459016,56,75983,0.92857142857142857143,0.58928571428571428571,0.31397174254317111460,District-procured,False
231,VT,2016,8.55555555555555555580,46.44444444444444444420,0.15555555555555555556,0.05299145299145299146,0.15287569573283858998,11490.85100150004411911568,64301.14899849995588088432,0.15161034148063178329,448.8330341113105925,5.30000000000000000000,55,75792,0.92727272727272727273,0.60000000000000000000,0.44883303411131059250,District-procured,False
232,VT,2017,15.12244897959183673488,41.87755102040816326512,0.26530612244897959184,0.10975056689342403628,0.15287569573283858998,22576.95736243467568373876,54581.04263756532431626124,0.29260682446972025822,481.4814814814814815,4.5009500000000000000000,57,77158,0.92982456140350877193,0.64912280701754385965,0.48148148148148148150,District-procured,False
233,VT,2018,23.41818181818181818192,32.58181818181818181808,0.41818181818181818182,0.15287569573283858998,0.15287569573283858998,33550.75489911910372876872,46677.24510088089627123128,0.41819258736499855074,766.8711656441717791,2.24487804878048780488,56,80228,0.92857142857142857143,0.62500000000000000000,0.76687116564417177910,District-procured,False
234,VT,2019,25.45454545454545454520,30.54545454545454545480,0.45454545454545454545,0.03636363636363636363,0.15287569573283858998,34354.56323916497859041130,49523.43676083502140958870,0.40957775863951189335,828.5123966942148760,1.9897545454545454545455,56,83878,0.92857142857142857143,0.58928571428571428571,0.82851239669421487600,District-procured,False
235,WA,2015,50.25925925925925925915,244.74074074074074074085,0.17037037037037037037,,0.08603988603988603989,29389.29635726864865206492,1009046.70364273135134793508,0.02830149990684900047,339.6971800079797335,7.18307554684175201065,295,1038436,0.72881355932203389831,0.62033898305084745763,0.33969718000797973345,State Procured,False
236,WA,2016,76.15384615384615384722,220.84615384615384615278,0.25641025641025641026,0.08603988603988603989,0.08603988603988603989,46685.90178949716345293784,996441.09821050283654706216,0.04475572177644444392,451.1413877109085988,4.4480536006446225164898,297,1043127,0.72390572390572390572,0.64983164983164983165,0.45114138771090859880,State Procured,False
237,WA,2017,86.16438356164383561656,209.83561643835616438344,0.29109589041095890411,0.03468563400070249385,0.08603988603988603989,109884.62350736959509558995,922770.37649263040490441005,0.10640981112508010429,533.8105394566473414,2.9815828975380046287825,296,1032655,0.72635135135135135135,0.69256756756756756757,0.53381053945664734135,State Procured,True
238,WA,2018,96.29692832764505119311,200.70307167235494880689,0.32423208191126279863,0.03313619150030389452,0.08603988603988603989,194053.79834859738269055600,884246.20165140261730944400,0.17996271756338438532,563.3802816901408451,2.5314499634934037392630,297,1078300,0.72053872053872053872,0.69696969696969696970,0.56338028169014084510,State Procured,True
239,WA,2019,105.06122448979591836666,191.93877551020408163334,0.35374149659863945578,0.02950941468737665715,0.08603988603988603989,148444.92780843700308494944,921267.07219156299691505056,0.13877092881863249462,652.3182189542483661,2.4937386146810087126729,297,1069712,0.72053872053872053872,0.69023569023569023569,0.65231821895424836605,State Procured,True
240,WI,2015,25.10385756676557863445,396.64094955489614243277,0.05934718100890207715,,0.23002233474843571514,76107.47373931810371298246,700071.21256239082162613802,0.09800011040259552941,199.6015936254980080,19.6367000000000000000000,423,776606,0.77541371158392434988,0.82505910165484633570,0.20000000000000000000,State Procured,False
241,WI,2016,43.18713450292397660720,378.81286549707602339280,0.10233918128654970760,0.04299200027764763045,0.23002233474843571514,125494.86645899697889063768,673083.13354100302110936232,0.15714791348997465356,272.1844824771782670,8.15000000000000000000,422,798578,0.77725118483412322275,0.78436018957345971564,0.27218448247717826695,State Procured,False
242,WI,2017,140.25655976676384839628,281.74344023323615160372,0.33236151603498542274,0.23002233474843571514,0.23002233474843571514,274076.89836182778986669088,520757.10163817221013330912,0.34482281628846751632,595.9475566150178784,2.50000000000000000000,422,794834,0.77725118483412322275,0.79383886255924170616,0.59594755661501787840,State Procured,False
243,WI,2018,182.58690176322418135903,236.41309823677581864097,0.43576826196473551637,0.10340674592975009363,0.23002233474843571514,290356.78680526092490648118,529740.21319473907509351882,0.35405176071277047094,859.1065292096219931,2.04900000000000000000,419,820097,0.77565632458233890215,0.79236276849642004773,0.85910652920962199310,State Procured,False
244,WI,2019,222.78536585365853658649,196.21463414634146341351,0.53170731707317073171,0.09593905510843521534,0.23002233474843571514,362600.49144581162771483132,461963.50855418837228516868,0.43974814744011577963,1030.9819674084485994,1.8503600000000000000000,419,824564,0.77565632458233890215,0.79474940334128878282,1.03098196740844861500,State Procured,False
245,WV,2015,7.54901960784313725515,47.45098039215686274485,0.13725490196078431373,,0.07272727272727272727,26460.57450558362967050022,240082.42549441637032949978,0.09927319233888576954,278.8434742220157919,7.5523735430090330038658,55,266543,0.80000000000000000000,0.20000000000000000000,0.27884347422201579190,State Procured,False
246,WV,2016,7.40384615384615384590,47.59615384615384615410,0.13461538461538461538,-0.00263951734539969835,0.07272727272727272727,28108.61048740362709920564,236697.38951259637290079436,0.10614793655507664894,418.9773324190916127,4.3425089056894481242373,55,264806,0.78181818181818181818,0.21818181818181818182,0.41897733241909161265,State Procured,False
247,WV,2017,6.47058823529411764680,48.52941176470588235320,0.11764705882352941176,-0.01696832579185520362,0.07272727272727272727,19032.68984250695572937976,244736.31015749304427062024,0.07215665920751474104,453.2064355313845457,4.0491724759164268721374,55,263769,0.78181818181818181818,0.23636363636363636364,0.45320643553138454570,State Procured,False
248,WV,2018,8.00000000000000000025,46.99999999999999999975,0.14545454545454545455,0.02780748663101604279,0.07272727272727272727,31071.99999999999999906960,246448.00000000000000093040,0.11196310175843182473,427.4722143060701054,3.6599966411069472467324,55,277520,0.80000000000000000000,0.23636363636363636364,0.42747221430607010540,State Procured,False
249,WV,2019,12.00000000000000000010,42.99999999999999999990,0.21818181818181818182,0.07272727272727272727,0.07272727272727272727,52847.00000000000000043693,219921.99999999999999956307,0.19374269070165597997,514.6680391147709727,3.3108501477587262479708,55,272769,0.80000000000000000000,0.25454545454545454545,0.51466803911477097270,State Procured,False
250,WY,2015,1.71428571428571428592,46.28571428571428571408,0.03571428571428571429,,0.41090425531914893617,2529.00403792659946785792,88094.99596207340053214208,0.02790655938743157958,206.7412080491015712,,48,90624,0.95833333333333333333,0.52083333333333333333,0.20674120804910157120,State Procured,False
251,WY,2016,15.00000000000000000000,33.00000000000000000000,0.31250000000000000000,0.27678571428571428571,0.41090425531914893617,57937.99999999999999981704,34070.00000000000000018296,0.62970611251195548213,398.6934169980372017,10.9571674285034430222468,48,92008,0.95833333333333333333,0.54166666666666666667,0.39869341699803720165,State Procured,True
252,WY,2017,11.00000000000000000016,36.99999999999999999984,0.22916666666666666667,-0.08333333333333333333,0.41090425531914893617,24055.99999999999999967400,69045.00000000000000032600,0.25838605385549027400,347.4832573505576286,13.4105029088055580866811,48,93101,0.95833333333333333333,0.54166666666666666667,0.34748325735055762855,State Procured,True
253,WY,2018,13.27659574468085106384,34.72340425531914893616,0.27659574468085106383,0.04742907801418439716,0.41090425531914893617,34808.48632285042251046772,57467.51367714957748953228,0.37722144786131196097,400.8016032064128257,6.78513746803069053649,48,92276,0.95833333333333333333,0.56250000000000000000,0.40080160320641282570,State Procured,True
254,WY,2019,33.00000000000000000000,15.00000000000000000000,0.68750000000000000000,0.41090425531914893617,0.41090425531914893617,53654.99999999999999966927,39292.00000000000000033073,0.57726446254316976341,1552.2714463942504540,1.78323317125748703034,48,92947,0.95833333333333333333,0.56250000000000000000,1.55227144639425047,State Procured,True
