funding_year,state_code,district_id,num_students,best_deal
2019,AZ,881428,2297,True
2019,CA,881445,2225,True
2019,AZ,881451,453,False
2019,AZ,881455,128,False
2019,AZ,881468,536,False
2019,AZ,881477,1131,False
2019,CA,881577,29890,False
2019,CA,881656,1633,False
2019,CO,881752,1568,False
2019,CO,881924,305,False
2019,CO,881930,26053,True
2019,CO,881978,4329,True
2019,CO,882017,273,False
2019,CO,882025,4720,False
2019,CO,882045,6364,True
2019,CO,882080,1117,False
2019,CO,882095,517,False
2019,CO,882113,1318,False
2019,CO,882129,8012,True
2019,CA,882135,1628,True
2019,CO,882138,267,False
2019,CO,882170,21477,True
2019,CO,882180,16710,True
2019,CO,882209,9932,True
2019,AZ,882218,6798,False
2019,CO,882228,116,False
2019,CO,882239,581,False
2019,CO,882251,869,False
2019,CO,882262,3426,False
2019,CO,882274,46,False
2019,CO,882311,921,False
2019,CO,882337,1446,True
2019,CO,882374,28513,True
2019,CO,882409,5867,True
2019,CO,882427,300,True
2019,CO,882453,1066,False
2019,CO,882461,5556,True
2019,CO,882501,160,False
2019,CO,882504,580,False
2019,CO,882515,15802,False
2019,AK,882538,2013,False
2019,AK,882543,464,True
2019,CO,882545,1168,False
2019,CA,882547,78,False
2019,CO,882567,9181,True
2019,AK,882576,239,False
2019,CO,882585,306,False
2019,AK,882587,1970,False
2019,CO,882600,2120,True
2019,CO,882603,195,False
2019,AK,882604,327,False
2019,AK,882608,372,False
2019,AK,882613,284,False
2019,CO,882616,3557,True
2019,CA,882621,19095,True
2019,AK,882632,321,True
2019,CA,882635,30222,True
2019,AK,882637,2297,False
2019,CO,882641,37323,True
2019,AK,882642,46874,False
2019,AK,882648,4818,False
2019,AK,882653,1254,False
2019,AK,882663,111,False
2019,AK,882674,96,False
2019,AK,882680,9013,False
2019,CO,882687,198,False
2019,AK,882695,349,False
2019,CO,882698,5413,True
2019,AK,882700,18809,False
2019,CO,882702,2480,False
2019,AK,882705,190,True
2019,AK,882737,13492,True
2019,CA,882738,2035,False
2019,AZ,882739,153,False
2019,AZ,882750,13342,True
2019,AK,882760,66,False
2019,AK,882771,132,False
2019,AK,882778,586,True
2019,AK,882787,387,False
2019,AK,882794,395,False
2019,AK,882802,246,True
2019,AZ,882803,61,False
2019,AZ,882915,3727,False
2019,CA,882930,2464,False
2019,CA,882932,411,True
2019,CA,882951,5828,True
2019,CA,883014,374,False
2019,CA,883038,503,True
2019,AZ,883048,399,False
2019,AZ,883049,2445,False
2019,CA,883050,192,False
2019,AZ,883053,127,False
2019,AZ,883059,107,False
2019,AZ,883065,4885,False
2019,AZ,883066,4043,True
2019,AZ,883074,132,False
2019,CA,883077,4535,False
2019,AZ,883078,6825,True
2019,AZ,883080,3619,True
2019,AZ,883084,125,False
2019,CA,883091,4808,True
2019,AZ,883092,3514,True
2019,CA,883102,2203,True
2019,CA,883104,1051,False
2019,AZ,883105,2083,True
2019,AZ,883120,24687,False
2019,AZ,883125,870,False
2019,CA,883126,42490,False
2019,AZ,883133,5500,True
2019,AZ,883144,605,False
2019,AZ,883151,34319,True
2019,AZ,883153,13107,True
2019,CA,883156,119,True
2019,AZ,883159,285,False
2019,CA,883165,53108,True
2019,CA,883169,5726,False
2019,AZ,883172,5614,True
2019,AZ,883183,1693,False
2019,AZ,883190,5466,False
2019,AZ,883196,11407,True
2019,CA,883197,3151,True
2019,AZ,883198,368,False
2019,AZ,883206,607,False
2019,AZ,883216,130,False
2019,CA,883225,6712,False
2019,AZ,883228,1124,True
2019,AZ,883232,1388,True
2019,AZ,883242,839,False
2019,CA,883249,402,False
2019,AZ,883262,1956,False
2019,AZ,883269,196,False
2019,AZ,883274,36406,False
2019,AZ,883278,26977,False
2019,AZ,883282,808,True
2019,AZ,883294,3948,True
2019,CA,883297,3379,False
2019,AZ,883316,1297,False
2019,AZ,883321,556,False
2019,AZ,883323,3134,True
2019,CA,883328,20130,False
2019,AZ,883333,3392,False
2019,AZ,883349,2523,True
2019,CA,883354,34940,True
2019,AZ,883358,848,False
2019,AZ,883363,15767,True
2019,AZ,883367,2104,True
2019,CA,883368,13498,True
2019,CA,883372,2171,False
2019,AZ,883382,1016,False
2019,AZ,883388,1744,False
2019,AZ,883390,47102,True
2019,AZ,883396,104,False
2019,CA,883397,476,True
2019,AZ,883401,23306,True
2019,AZ,883407,2266,False
2019,AZ,883413,639,True
2019,AZ,883419,1860,False
2019,CA,883445,111,False
2019,CA,883473,2365,True
2019,CA,883479,1010,False
2019,CA,883498,202,False
2019,CA,883538,206,False
2019,CA,883541,309,True
2019,CA,883547,1256,True
2019,CA,883550,5131,False
2019,CA,883561,104,False
2019,CA,883564,973,False
2019,CA,883575,3018,True
2019,CA,883581,3934,False
2019,CA,883586,5038,False
2019,CA,883603,62,False
2019,CA,883612,4452,False
2019,CA,883615,1788,False
2019,CA,883634,146,False
2019,CA,883653,1704,False
2019,CA,883769,399,False
2019,CA,883788,10474,False
2019,CA,883795,303,False
2019,CA,883800,25597,True
2019,CA,883803,1290,False
2019,CA,883828,310,False
2019,CA,883837,1526,False
2019,CA,883854,41915,False
2019,CA,883856,2284,False
2019,CA,883861,2833,True
2019,CA,883874,157,False
2019,CA,883917,6727,False
2019,CA,883938,4921,False
2019,CA,883939,1311,False
2019,CA,883947,3012,False
2019,CA,883958,241,False
2019,CA,883964,101,False
2019,CA,883985,40570,False
2019,CA,884050,1332,False
2019,CA,884078,33352,True
2019,FL,888974,26971,False
2019,FL,888975,5004,False
2019,FL,888978,3195,True
2019,FL,888981,2147,True
2019,FL,888982,14912,False
2019,FL,888983,15328,True
2019,FL,888984,36571,False
2019,FL,888986,9596,True
2019,FL,888987,285087,True
2019,FL,888988,4812,False
2019,FL,888989,2144,False
2019,FL,888993,11924,False
2019,FL,888994,957,False
2019,FL,888995,5021,False
2019,FL,888999,2628,False
2019,FL,889001,7370,True
2019,FL,889002,18192,True
2019,FL,889003,12258,True
2019,FL,889006,15552,False
2019,FL,889007,6532,False
2019,FL,889009,1262,False
2019,FL,889010,40564,True
2019,FL,889016,2800,True
2019,FL,889018,40844,False
2019,FL,889023,28907,False
2019,FL,889025,6322,False
2019,FL,889033,10668,True
2019,FL,889035,36316,True
2019,FL,889037,38104,True
2019,FL,889038,36841,True
2019,FL,889043,2317,False
2019,FL,889045,4752,False
2019,FL,889046,8603,True
2019,IA,894143,971,True
2019,IA,894144,728,False
2019,IA,894145,624,False
2019,IA,894150,286,False
2019,IA,894159,1173,False
2019,IA,894160,635,False
2019,IA,894161,1464,False
2019,IA,894165,4518,False
2019,IA,894173,380,False
2019,IA,894178,1696,False
2019,IA,894180,447,False
2019,IA,894182,457,False
2019,IA,894183,549,True
2019,IA,894187,1531,True
2019,IA,894188,4660,False
2019,IA,894190,2091,False
2019,IA,894198,265,False
2019,IA,894199,505,False
2019,IA,894200,1031,True
2019,IA,894202,2127,True
2019,IA,894203,1783,False
2019,IA,894205,16506,False
2019,IA,894206,1592,False
2019,IA,894214,1252,True
2019,IA,894222,325,False
2019,IA,894223,291,False
2019,IA,894225,1291,False
2019,IA,894241,3071,True
2019,IA,894243,14940,False
2019,IA,894244,1262,False
2019,IA,894247,162,False
2019,IA,894249,2220,True
2019,IA,894251,32057,False
2019,IA,894266,518,True
2019,IA,894272,838,True
2019,IA,894276,223,False
2019,IA,894278,421,True
2019,IA,894279,1705,False
2019,IA,894282,1159,False
2019,IA,894299,378,False
2019,IA,894301,1684,True
2019,IA,894306,354,False
2019,IA,894312,600,False
2019,IA,894316,695,True
2019,IA,894318,1413,False
2019,IA,894319,3638,False
2019,IA,894320,871,False
2019,IA,894323,570,True
2019,IA,894328,7081,True
2019,IA,894332,1699,False
2019,IA,894336,241,False
2019,IA,894338,2162,False
2019,IA,894343,7437,True
2019,IA,894345,689,True
2019,IA,894350,485,False
2019,IA,894353,462,False
2019,IA,894359,2166,False
2019,IA,894362,3878,False
2019,IA,894363,1376,False
2019,IA,894366,1416,False
2019,IA,894367,506,False
2019,IA,894380,5036,True
2019,IA,894381,614,True
2019,IA,894383,1076,True
2019,IA,894386,3130,False
2019,IA,894390,294,False
2019,IA,894398,872,True
2019,IA,894401,2804,True
2019,IA,894402,985,True
2019,IA,894414,2386,False
2019,IA,894417,4693,True
2019,IA,894430,1132,False
2019,IA,894438,1597,False
2019,IA,894439,284,False
2019,IA,894445,1288,False
2019,IA,894452,7086,True
2019,IA,894454,1982,False
2019,IA,894459,2412,False
2019,IA,894474,352,False
2019,IA,894475,3989,True
2019,IA,894488,1733,False
2019,IA,894491,2123,True
2019,IA,894494,228,False
2019,IA,894500,9026,False
2019,IA,894507,3461,True
2019,IA,894510,1163,True
2019,IA,894512,457,False
2019,IA,894515,501,True
2019,IA,894528,1112,True
2019,IA,894530,577,False
2019,ID,895346,1096,False
2019,ID,895347,3622,True
2019,ID,895354,255,False
2019,ID,895355,227,False
2019,ID,895368,124,False
2019,ID,895369,1246,False
2019,ID,895398,3884,False
2019,ID,895399,3320,False
2019,ID,895401,25865,False
2019,ID,895406,6360,True
2019,ID,895408,130,False
2019,ID,895413,351,False
2019,ID,895418,261,False
2019,ID,895419,99,False
2019,ID,895420,220,False
2019,ID,895422,2492,True
2019,ID,895424,1650,False
2019,ID,895427,2194,False
2019,ID,895428,1768,False
2019,ID,895429,238,False
2019,ID,895430,465,False
2019,ID,895433,525,False
2019,ID,895438,160,False
2019,ID,895439,1178,True
2019,ID,895442,10208,False
2019,ID,895443,5533,False
2019,ID,895447,231,False
2019,ID,895448,1908,True
2019,ID,895449,147,False
2019,ID,895450,5306,False
2019,ID,895451,4358,False
2019,ID,895452,504,False
2019,ID,895453,4724,False
2019,ID,895456,5360,True
2019,ID,895458,831,True
2019,ID,895459,1084,False
2019,ID,895460,165,False
2019,ID,895461,808,True
2019,ID,895463,3910,False
2019,ID,895464,117,False
2019,ID,895466,2344,False
2019,ID,895467,3867,True
2019,ID,895472,144,False
2019,ID,895477,1090,False
2019,ID,895478,1521,True
2019,ID,895480,12256,True
2019,ID,895481,5812,False
2019,ID,895482,436,False
2019,ID,895487,762,False
2019,ID,895488,2281,False
2019,ID,895489,528,False
2019,ID,895490,1771,False
2019,ID,895493,959,False
2019,ID,895494,1604,True
2019,ID,895499,586,False
2019,ID,895501,1570,False
2019,ID,895502,1149,False
2019,IL,900620,1920,False
2019,IL,900624,526,True
2019,IL,900627,630,True
2019,IL,900673,116,False
2019,IL,900674,440,False
2019,IL,900677,587,True
2019,IL,900681,692,True
2019,IL,900690,404,False
2019,IL,900691,991,False
2019,IL,900752,824,True
2019,IL,900841,618,True
2019,IL,900844,1713,False
2019,IL,900845,978,False
2019,IL,900850,1246,True
2019,IL,900859,208,False
2019,IL,900860,341,True
2019,IL,900862,346,False
2019,IL,900863,471,False
2019,IL,900865,182,False
2019,IL,900867,348,False
2019,IL,900878,1406,False
2019,IL,900879,272,False
2019,IL,900885,193,False
2019,IL,900890,703,True
2019,IL,900891,6128,False
2019,IL,900892,396,False
2019,IL,900894,696,True
2019,IL,900895,516,True
2019,IL,900897,361,False
2019,IL,900903,731,True
2019,IL,900909,72,False
2019,IL,900910,138,False
2019,IL,900915,1098,True
2019,IL,900921,385,False
2019,IL,900925,4712,True
2019,IL,900926,175,False
2019,IL,900927,8412,False
2019,IL,900931,1363,False
2019,IL,900935,577,False
2019,IL,900936,169,False
2019,IL,900941,8070,True
2019,IL,900954,2462,True
2019,IL,900956,1792,False
2019,IL,900961,3409,True
2019,IL,900963,221,False
2019,IL,900968,1511,True
2019,IL,900969,2059,False
2019,IL,900971,641,True
2019,IL,900973,2736,False
2019,IL,900984,710,False
2019,IL,900987,3107,True
2019,IL,900989,1023,False
2019,IL,900991,483,False
2019,IL,900993,984,True
2019,IL,900994,2549,False
2019,IL,900999,1494,False
2019,IL,901000,1116,True
2019,IL,901003,450,True
2019,IL,901006,2106,True
2019,IL,901020,9675,True
2019,IL,901023,2749,True
2019,IL,901025,955,True
2019,IL,901032,311,False
2019,IL,901033,325,False
2019,IL,901037,3610,False
2019,IL,901042,1985,False
2019,IL,901044,1185,False
2019,IL,901051,1195,True
2019,IL,901052,513,True
2019,IL,901065,102,False
2019,IL,901066,5918,True
2019,IL,901070,97,False
2019,IL,901072,6227,False
2019,IL,901082,2772,True
2019,IL,901085,2669,False
2019,IL,901086,1922,True
2019,IL,901087,274,True
2019,IL,901094,1052,False
2019,IL,901095,1493,True
2019,IL,901097,815,False
2019,IL,901106,2739,True
2019,IL,901108,1620,True
2019,IL,901111,5257,False
2019,IL,901117,2502,True
2019,IL,901120,1192,True
2019,IL,901122,6813,True
2019,IL,901124,1069,True
2019,IL,901126,8148,False
2019,IL,901129,361,True
2019,IL,901135,1561,True
2019,IL,901136,7590,False
2019,IL,901141,725,True
2019,IL,901149,1388,True
2019,IL,901162,3996,True
2019,IL,901166,4224,True
2019,IL,901168,542,False
2019,IL,901173,2614,True
2019,IL,901175,1729,True
2019,IL,901178,863,False
2019,IL,901179,222,True
2019,IL,901186,4868,True
2019,IL,901189,2935,False
2019,IL,901194,6156,True
2019,IL,901220,580,False
2019,IL,901230,985,False
2019,IL,901237,938,False
2019,IL,901239,2861,True
2019,IL,901250,3720,True
2019,IL,901260,9575,True
2019,IL,901262,920,False
2019,IL,901267,953,True
2019,IL,901275,163,False
2019,IL,901277,2571,False
2019,IL,901281,11486,True
2019,IL,901283,447,True
2019,IL,901287,1508,True
2019,IL,901297,548,False
2019,IL,901303,207,True
2019,IL,901306,3132,True
2019,IL,901308,241,False
2019,IL,901332,781,True
2019,IL,901346,1036,False
2019,IL,901349,6974,True
2019,IL,901353,106,False
2019,IL,901356,1323,False
2019,IL,901367,2495,True
2019,IL,901368,3981,True
2019,IL,901370,1950,True
2019,IL,901377,3070,True
2019,IL,901386,1155,False
2019,IL,901387,4468,False
2019,IL,901389,4044,True
2019,IL,901390,593,True
2019,IL,901393,1200,True
2019,IL,901395,1335,False
2019,IL,901412,1187,True
2019,IL,901418,984,False
2019,IL,901423,1203,True
2019,IL,901424,423,True
2019,IL,901432,6390,False
2019,IL,901435,282,True
2019,IL,901436,1559,False
2019,IL,901452,2270,False
2019,IL,901460,391,True
2019,IL,901464,2001,True
2019,IL,901476,495,True
2019,IL,901478,180,False
2019,IL,901484,263,False
2019,IL,901487,624,False
2019,IL,901490,1644,True
2019,IL,901493,597,False
2019,IL,901494,1771,True
2019,IL,901503,6097,True
2019,IL,901506,258,False
2019,IL,901507,581,True
2019,IL,901508,143,False
2019,IL,901510,62,False
2019,IL,901512,3638,False
2019,IL,901513,2407,True
2019,IL,901514,1838,False
2019,IL,901515,616,False
2019,IL,901519,5011,True
2019,IL,901520,17470,False
2019,IL,901524,11780,True
2019,IL,901530,1988,True
2019,IL,901534,902,False
2019,IL,901541,636,False
2019,IL,901545,3405,True
2019,IL,901550,784,True
2019,IL,901554,1136,True
2019,IL,901555,1454,False
2019,IL,901558,419,True
2019,IL,901559,1271,False
2019,IL,901560,26684,True
2019,IL,901572,676,True
2019,IL,901575,165,False
2019,IL,901578,4028,True
2019,IL,901579,1155,False
2019,IL,901580,505,True
2019,IL,901589,6183,True
2019,IL,901590,254,False
2019,IL,901592,241,False
2019,IL,901594,787,True
2019,IL,901596,993,False
2019,IL,901607,701,True
2019,IL,901610,1175,False
2019,IL,901614,1462,False
2019,IL,901618,153,False
2019,IL,901620,1603,False
2019,IL,901624,659,True
2019,IL,901626,1131,True
2019,IL,901628,24877,True
2019,IL,901629,1533,True
2019,IL,901631,134,False
2019,IL,901632,45,False
2019,IL,901655,681,True
2019,IL,901658,1184,True
2019,IL,901661,117,False
2019,IL,901668,811,True
2019,IL,901675,225,False
2019,IL,901678,1226,True
2019,IL,901680,337,False
2019,IL,901682,675,False
2019,IL,901694,160,False
2019,IL,901696,1304,False
2019,IL,901697,476,False
2019,IL,901699,60,False
2019,IL,901701,348,True
2019,IL,901708,1098,True
2019,IL,901714,3753,True
2019,IL,901716,315,True
2019,IL,901722,237,False
2019,IL,901744,1668,True
2019,IL,901745,703,True
2019,IL,901746,4025,True
2019,IL,901749,1465,True
2019,IL,901752,436,True
2019,IL,901758,662,True
2019,IL,901762,294,False
2019,IL,901764,2035,True
2019,IL,901785,953,False
2019,IL,901790,1318,True
2019,IL,901799,2687,True
2019,IN,901802,7190,True
2019,IL,901807,514,True
2019,IL,901816,1818,True
2019,IL,901819,206,True
2019,IL,901821,27211,True
2019,IL,901837,587,False
2019,IL,901848,3331,False
2019,IN,901849,1259,True
2019,IL,901853,1557,True
2019,IL,901860,3663,True
2019,IL,901872,1384,True
2019,IL,901892,5671,False
2019,IL,901900,6593,True
2019,IL,901904,598,True
2019,IL,901911,6011,True
2019,IL,901913,950,True
2019,IN,901958,3107,True
2019,IN,901960,1708,True
2019,IN,901966,1159,True
2019,IN,901970,8490,False
2019,IN,901987,1545,True
2019,IN,901988,6571,True
2019,IN,901994,1223,False
2019,IN,902001,2425,True
2019,IN,902005,2463,True
2019,IN,902008,6452,False
2019,IN,902009,2622,True
2019,IN,902012,6931,False
2019,IN,902021,1230,True
2019,IN,902024,1501,True
2019,IN,902029,1657,True
2019,IN,902037,3193,True
2019,IN,902038,5004,True
2019,IN,902039,2484,True
2019,IN,902042,908,True
2019,IN,902047,10544,True
2019,IN,902048,3190,True
2019,IN,902050,4521,False
2019,IN,902052,3902,False
2019,IN,902056,2334,True
2019,IN,902068,3376,False
2019,IN,902069,4400,False
2019,IN,902072,3423,False
2019,IN,902073,1932,True
2019,IN,902083,2028,True
2019,IN,902110,4452,True
2019,IN,902111,2534,True
2019,IN,902112,3933,False
2019,IN,902113,2087,False
2019,IN,902114,5690,False
2019,IN,902129,1324,True
2019,IN,902136,1453,False
2019,IN,902140,1889,True
2019,IN,902146,7350,True
2019,IN,902158,11369,False
2019,IN,902162,3680,False
2019,IN,902164,1946,True
2019,IN,902167,1360,False
2019,IN,902172,2716,True
2019,IN,902175,1836,False
2019,IN,902177,6512,False
2019,IN,902180,1919,True
2019,IN,902184,4704,True
2019,IN,902189,1298,True
2019,IN,902193,3120,True
2019,IN,902197,4481,False
2019,IN,902198,1680,True
2019,IN,902209,3532,False
2019,IN,902221,2586,True
2019,IN,902224,3812,True
2019,IN,902228,13021,True
2019,IN,902243,1135,False
2019,IN,902245,6261,True
2019,IN,902253,10210,False
2019,IN,902256,11400,False
2019,IN,902258,2347,False
2019,IN,902259,3152,True
2019,IN,902264,7590,True
2019,IN,902265,2259,False
2019,KS,903345,1743,True
2019,KS,903347,698,False
2019,KS,903349,1540,False
2019,KS,903350,1043,True
2019,KS,903351,932,False
2019,KS,903359,2436,False
2019,KS,903360,787,False
2019,KS,903361,1016,True
2019,KS,903407,647,False
2019,KS,903409,6333,False
2019,KS,903421,186,False
2019,KS,903423,1439,False
2019,KS,903425,1034,False
2019,KS,903428,807,False
2019,KS,903430,605,True
2019,KS,903433,2644,True
2019,KS,903434,148,False
2019,KS,903436,182,False
2019,KS,903443,258,False
2019,KS,903446,329,True
2019,KS,903451,165,True
2019,KS,903457,672,False
2019,KS,903460,1170,False
2019,KS,903467,461,True
2019,KS,903468,66,False
2019,KS,903473,212,False
2019,KS,903483,121,False
2019,KS,903485,447,False
2019,KS,903490,4664,False
2019,KS,903491,537,False
2019,KS,903503,6009,False
2019,KS,903512,2798,True
2019,KS,903513,257,False
2019,KS,903514,247,False
2019,KS,903522,71,False
2019,KS,903524,3165,True
2019,KS,903527,492,False
2019,KS,903540,600,False
2019,KS,903541,4457,False
2019,KS,903542,2137,False
2019,KS,903547,292,False
2019,KS,903548,453,False
2019,KS,903551,21760,False
2019,KS,903556,262,True
2019,KS,903560,657,False
2019,KS,903564,10747,False
2019,KS,903567,412,False
2019,KS,903571,360,False
2019,KS,903572,323,False
2019,KS,903575,482,False
2019,KS,903576,1790,False
2019,KS,903579,248,False
2019,KS,903583,521,False
2019,KS,903586,2483,False
2019,KS,903589,492,False
2019,KS,903592,616,False
2019,KS,903600,714,False
2019,KS,903611,1158,False
2019,KS,903618,1974,False
2019,KS,903619,1332,False
2019,KS,903624,2088,False
2019,KS,903625,3100,True
2019,KS,903626,345,True
2019,KS,903629,1115,False
2019,KS,903633,232,True
2019,KS,903635,1858,True
2019,KS,903642,1622,True
2019,KS,903646,307,True
2019,KS,903647,411,False
2019,KS,903651,202,False
2019,KS,903655,218,True
2019,KS,903656,356,False
2019,KS,903657,3647,True
2019,KS,903666,547,False
2019,KS,903667,3533,False
2019,KS,903668,1962,True
2019,KS,903670,1876,True
2019,KS,903672,4098,False
2019,KS,903676,2814,False
2019,KS,903682,436,False
2019,KS,903688,2134,True
2019,KS,903692,194,False
2019,KS,903694,608,False
2019,LA,909636,1479,False
2019,LA,909658,3589,True
2019,LA,909707,5952,True
2019,LA,909725,3036,False
2019,LA,909726,13471,False
2019,LA,909729,5903,True
2019,LA,909733,29602,True
2019,LA,909737,25150,False
2019,LA,909739,8154,False
2019,LA,909741,6337,False
2019,LA,909743,19420,False
2019,LA,909747,1411,False
2019,LA,909751,9319,True
2019,LA,909757,13886,True
2019,LA,909759,8707,False
2019,LA,909763,17917,True
2019,MA,910999,1864,False
2019,MA,911002,5491,True
2019,MA,911008,2506,False
2019,MA,911009,6009,True
2019,MA,911012,2570,True
2019,MA,911022,2354,False
2019,MA,911023,2161,False
2019,MA,911029,584,True
2019,MA,911041,5809,True
2019,MA,911048,318,False
2019,MA,911049,7503,False
2019,MA,911056,1620,False
2019,MA,911062,173,False
2019,MA,911077,1388,False
2019,MA,911082,3499,True
2019,MA,911085,2302,True
2019,MA,911090,3750,False
2019,MA,911097,3466,False
2019,MA,911099,81,False
2019,MA,911104,2754,True
2019,MA,911105,611,True
2019,MA,911114,3189,True
2019,MA,911121,2361,False
2019,MA,911124,592,True
2019,MA,911137,4317,True
2019,MA,911139,237,False
2019,MA,911142,1073,True
2019,MA,911146,1778,True
2019,MA,911148,1016,True
2019,MA,911154,5942,True
2019,MA,911156,7072,False
2019,MA,911171,458,False
2019,MA,911172,4361,True
2019,MA,911177,1500,True
2019,MA,911180,1439,True
2019,MA,911185,3508,False
2019,MA,911187,6896,False
2019,MA,911192,1727,False
2019,MA,911210,5472,True
2019,MA,911218,2295,False
2019,MA,911224,1466,True
2019,MA,911227,559,False
2019,MA,911230,2496,False
2019,MA,911245,1239,False
2019,MA,911248,1713,True
2019,MA,911257,5487,True
2019,MA,911261,129,False
2019,MA,911264,635,True
2019,MA,911273,59,False
2019,MA,911277,49,False
2019,MA,911278,3001,True
2019,MA,911283,5959,False
2019,MA,911290,520,False
2019,MA,911301,917,True
2019,MA,911302,2803,True
2019,MA,911305,1448,True
2019,MA,911311,7676,True
2019,MA,911318,1713,False
2019,MA,911320,1789,True
2019,MA,911322,3538,True
2019,MA,911323,164,False
2019,MA,911331,2646,True
2019,MA,911332,1854,True
2019,MA,911336,915,False
2019,MA,911339,321,True
2019,MA,911341,3805,True
2019,MA,911342,5368,True
2019,MA,911344,130,False
2019,MA,911345,2154,False
2019,MA,911347,3120,True
2019,MD,915448,5705,True
2019,MD,915455,3833,False
2019,MD,915458,2001,False
2019,MD,915464,18067,False
2019,MD,915465,4593,True
2019,MD,915466,22936,False
2019,MI,919138,4080,False
2019,MI,919148,3743,False
2019,MI,919475,2895,False
2019,MI,919484,3782,False
2019,MI,919487,1462,False
2019,MI,919489,5761,False
2019,MI,919490,17209,False
2019,MI,919492,1838,False
2019,MI,919502,511,False
2019,MI,919503,1221,False
2019,MI,919504,2504,False
2019,MI,919506,413,False
2019,MI,919510,7851,False
2019,MI,919511,703,True
2019,MI,919515,4395,False
2019,MI,919523,2232,True
2019,MI,919524,1256,False
2019,MI,919528,1753,False
2019,MI,919535,1200,False
2019,MI,919537,1179,False
2019,MI,919540,172,False
2019,MI,919542,1367,True
2019,MI,919543,695,False
2019,MI,919544,1805,False
2019,MI,919546,898,True
2019,MI,919547,5988,False
2019,MI,919550,1081,False
2019,MI,919551,1320,False
2019,MI,919553,1861,False
2019,MI,919569,220,True
2019,MI,919572,897,False
2019,MI,919578,2583,False
2019,MI,919588,1445,False
2019,MI,919590,16332,False
2019,MI,919598,1037,False
2019,MI,919599,1870,False
2019,MI,919610,1954,True
2019,MI,919624,20635,False
2019,MI,919625,2589,False
2019,MI,919635,1568,False
2019,MI,919638,2924,False
2019,MI,919639,2925,True
2019,MI,919647,1131,False
2019,MI,919650,1323,False
2019,MI,919655,1711,False
2019,MI,919664,2534,False
2019,MI,919668,9850,True
2019,MI,919675,5063,False
2019,MI,919676,1906,False
2019,MI,919678,2132,False
2019,MI,919679,2708,False
2019,MI,919680,742,False
2019,MI,919685,266,False
2019,MI,919688,1028,False
2019,MI,919689,3503,False
2019,MI,919699,2165,False
2019,MI,919702,6016,False
2019,MI,919705,5580,False
2019,MI,919708,1268,False
2019,MI,919715,2944,False
2019,MI,919717,1136,False
2019,MI,919719,2784,False
2019,MI,919724,5511,False
2019,MI,919733,1324,False
2019,MI,919736,5504,False
2019,MI,919738,1069,False
2019,MI,919743,6582,False
2019,MI,919744,2554,False
2019,MI,919746,1468,False
2019,MI,919748,2053,False
2019,MI,919751,2961,False
2019,MI,919757,4943,False
2019,MI,919758,1739,False
2019,MI,919760,719,True
2019,MI,919761,1491,False
2019,MI,919762,12525,False
2019,MI,919770,8858,True
2019,MI,919771,1454,False
2019,MI,919778,2805,False
2019,MI,919779,4143,False
2019,MI,919782,4207,False
2019,MI,919787,1847,True
2019,MI,919789,10748,False
2019,MI,919790,4907,False
2019,MI,919799,4824,False
2019,MI,919804,10500,False
2019,MI,919810,1592,False
2019,MI,919813,1486,False
2019,MI,919822,2976,False
2019,MI,919826,1090,False
2019,MI,919829,3792,False
2019,MI,919832,2918,False
2019,MI,919840,1393,False
2019,MI,919846,3846,False
2019,MI,919847,5469,True
2019,MI,919849,1458,False
2019,MI,919860,3711,False
2019,MI,919863,1278,False
2019,MI,919868,1030,False
2019,MI,919873,3618,False
2019,MI,919876,2334,False
2019,MI,919877,7832,False
2019,MI,919879,1031,False
2019,MI,919881,3349,True
2019,MI,919882,7375,True
2019,MI,919883,3271,False
2019,MI,919888,2016,False
2019,MI,919890,1514,False
2019,MI,919891,604,True
2019,MI,919894,1375,False
2019,MI,919897,2184,False
2019,MI,919901,1555,True
2019,MI,919907,2101,False
2019,MI,919910,2201,False
2019,MI,919915,383,False
2019,MI,919918,1316,False
2019,MI,919919,1022,False
2019,MI,919923,17062,False
2019,MI,919928,8599,False
2019,MI,919929,1998,True
2019,MI,919930,222,False
2019,MI,919936,1227,False
2019,MI,919938,1026,False
2019,MI,919945,1437,False
2019,MI,919946,2002,False
2019,MI,919948,2804,False
2019,MI,919949,14844,False
2019,MI,919950,7813,True
2019,MI,919951,553,True
2019,MI,919952,5147,False
2019,MI,919954,2834,False
2019,MI,919955,4713,False
2019,MI,919958,5758,False
2019,MI,919959,4846,False
2019,MI,919960,280,False
2019,MI,919973,1696,False
2019,MI,919978,4040,False
2019,MI,919983,3591,False
2019,MI,919984,2943,True
2019,MI,919985,2992,False
2019,MI,919986,1050,False
2019,MI,919987,856,True
2019,MI,919988,1532,False
2019,MI,919991,526,True
2019,MI,920000,5473,False
2019,MI,920001,2855,False
2019,MI,920007,2531,False
2019,MI,920014,1060,False
2019,MI,920015,735,True
2019,MI,920016,27607,False
2019,MI,920017,4638,False
2019,MI,920019,1175,False
2019,MI,920020,2548,False
2019,MI,920023,568,True
2019,MI,920024,2660,False
2019,MI,920027,205,False
2019,MI,920030,14088,False
2019,MI,920031,3173,False
2019,MI,920041,6751,True
2019,MI,920042,2931,False
2019,MI,920054,287,False
2019,MI,920055,5149,False
2019,MI,920056,4578,False
2019,MI,920057,4203,False
2019,MI,920060,5956,False
2019,MN,922203,509,False
2019,MN,922217,995,False
2019,MN,922270,629,False
2019,MN,922296,1610,True
2019,MN,922336,1128,False
2019,MN,922406,1491,True
2019,MN,922509,3433,False
2019,MN,922510,491,False
2019,MN,922513,39906,False
2019,MN,922517,1054,False
2019,MN,922519,790,False
2019,MN,922523,5179,True
2019,MN,922538,2024,False
2019,MN,922552,472,True
2019,MN,922558,755,False
2019,MN,922566,2415,False
2019,MN,922570,3257,False
2019,MN,922572,355,True
2019,MN,922583,1128,False
2019,MN,922584,7452,False
2019,MN,922589,8483,False
2019,MN,922590,12866,False
2019,MN,922592,585,False
2019,MN,922594,10455,False
2019,MN,922602,6134,True
2019,MN,922606,3153,False
2019,MN,922612,506,False
2019,MN,922614,3809,False
2019,MN,922620,684,False
2019,MN,922624,2096,False
2019,MN,922626,2425,True
2019,MN,922633,6680,True
2019,MN,922636,2906,True
2019,MN,922637,1112,False
2019,MN,922638,3559,False
2019,MN,922646,2120,False
2019,MN,922651,1166,False
2019,MN,922654,1249,False
2019,MN,922667,1259,False
2019,MN,922671,536,False
2019,MN,922678,2531,False
2019,MN,922679,743,False
2019,MN,922680,470,False
2019,MN,922684,1813,True
2019,MN,922688,520,False
2019,MN,922693,6427,True
2019,MN,922694,665,False
2019,MN,922711,2762,True
2019,MN,922713,10088,False
2019,MN,922725,1592,False
2019,MN,922729,1684,False
2019,MN,922732,1202,False
2019,MN,922735,1273,False
2019,MN,922741,1850,False
2019,MN,922742,667,False
2019,MN,922745,2571,True
2019,MN,922748,4301,False
2019,MN,922753,27498,True
2019,MN,922755,7593,True
2019,MN,922769,350,False
2019,MN,922771,5648,True
2019,MN,922772,570,False
2019,MN,922774,972,False
2019,MN,922777,4440,True
2019,MN,922780,4619,False
2019,MN,922783,18254,True
2019,MN,922785,2030,True
2019,MN,922788,2042,False
2019,MN,922793,1217,True
2019,MN,922794,1147,False
2019,MN,922795,221,False
2019,MN,922796,1380,False
2019,MN,922801,1663,False
2019,MN,922810,4884,True
2019,MN,922814,435,True
2019,MN,922818,3105,True
2019,MN,922829,913,False
2019,MN,922831,639,False
2019,MO,924065,17763,False
2019,MO,924079,188,False
2019,MO,924081,1316,True
2019,MO,924082,175,False
2019,MO,924083,135,True
2019,MO,924087,1701,False
2019,MO,924088,223,False
2019,MO,924089,122,False
2019,MO,924091,1319,True
2019,MO,924092,507,False
2019,MO,924098,640,False
2019,MO,924100,2823,True
2019,MO,924101,57,False
2019,MO,924102,3020,False
2019,MO,924107,248,False
2019,MO,924109,4781,False
2019,MO,924112,313,False
2019,MO,924114,67,False
2019,MO,924121,126,False
2019,MO,924123,1683,False
2019,MO,924125,238,False
2019,MO,924126,1080,False
2019,MO,924131,117,False
2019,MO,924135,1827,False
2019,MO,924139,4158,False
2019,MO,924145,1901,False
2019,MO,924148,60,False
2019,MO,924149,18301,True
2019,MO,924151,1368,False
2019,MO,924161,347,False
2019,MO,924164,1214,False
2019,MO,924166,1640,True
2019,MO,924167,690,False
2019,MO,924168,1209,False
2019,MO,924181,1426,False
2019,MO,924182,137,False
2019,MO,924185,412,False
2019,MO,924191,2104,False
2019,MO,924208,1915,False
2019,MO,924209,806,True
2019,MO,924212,187,False
2019,MO,924216,1158,True
2019,MO,924218,149,False
2019,MO,924221,3978,False
2019,MO,924223,647,True
2019,MO,924225,2996,False
2019,MO,924227,1188,False
2019,MO,924230,199,False
2019,MO,924233,1968,False
2019,MO,924250,272,False
2019,MO,924252,373,False
2019,MO,924253,466,False
2019,MO,924255,100,False
2019,MO,924262,1467,False
2019,MO,924267,2506,False
2019,MO,924269,689,True
2019,MO,924279,3411,False
2019,MO,924280,521,True
2019,MO,924281,1214,True
2019,MO,924283,1349,False
2019,MO,924301,85,False
2019,MO,924304,8749,False
2019,MO,924309,1008,False
2019,MO,924311,3457,False
2019,MO,924313,1919,False
2019,MO,924315,346,True
2019,MO,924317,266,False
2019,MO,924319,2591,True
2019,MO,924327,4126,False
2019,MO,924329,1253,False
2019,MO,924334,1146,False
2019,MO,924336,1029,True
2019,MO,924337,4564,True
2019,MO,924343,264,False
2019,MO,924345,910,False
2019,MO,924355,308,False
2019,MO,924363,217,False
2019,MO,924364,1029,False
2019,MO,924372,208,False
2019,MO,924377,2565,False
2019,MO,924379,2969,False
2019,MO,924380,1452,True
2019,MO,924381,550,False
2019,MO,924385,626,False
2019,MO,924387,2392,False
2019,MO,924388,178,False
2019,MO,924392,560,False
2019,MO,924393,57,False
2019,MO,924395,22,False
2019,MO,924396,2367,False
2019,MO,924397,2373,False
2019,MO,924400,762,False
2019,MO,924401,1211,False
2019,MO,924404,286,False
2019,MO,924409,227,False
2019,MO,924417,677,False
2019,MO,924425,92,False
2019,MO,924426,318,False
2019,MO,924428,5917,False
2019,MO,924429,216,False
2019,MO,924432,369,False
2019,MO,924433,1148,False
2019,MO,924437,615,False
2019,MO,924443,250,False
2019,MO,924444,2021,False
2019,MO,924445,131,False
2019,MO,924447,2041,False
2019,MO,924450,273,False
2019,MO,924451,307,False
2019,MO,924458,137,False
2019,MO,924466,572,True
2019,MO,924470,258,False
2019,MO,924473,2242,False
2019,MO,924476,689,True
2019,MO,924488,2189,False
2019,MO,924489,159,True
2019,MO,924491,643,True
2019,MO,924492,712,False
2019,MO,924493,837,False
2019,MO,924499,92,False
2019,MO,924507,94,False
2019,MO,924516,340,True
2019,MO,924518,4119,False
2019,MO,924522,1453,False
2019,MO,924527,774,False
2019,MO,924535,1486,True
2019,MO,924540,185,False
2019,MO,924541,150,False
2019,MO,924548,321,False
2019,MO,924551,626,True
2019,MO,924556,875,False
2019,MO,924580,117,True
2019,MO,924581,450,True
2019,MO,924590,311,True
2019,MO,924594,1232,False
2019,MO,924598,1382,True
2019,MO,924601,952,True
2019,MO,924604,135,False
2019,MO,924610,580,True
2019,MO,924614,270,False
2019,MO,924616,3360,True
2019,MO,924617,3219,True
2019,MO,924630,15978,False
2019,MO,924632,2549,False
2019,MO,924634,426,False
2019,MO,924637,144,False
2019,MO,924643,1350,True
2019,MO,924646,1540,True
2019,MT,928643,3,False
2019,MT,928739,65,False
2019,MT,928749,220,True
2019,MT,928766,137,False
2019,MT,928774,99,False
2019,MT,928776,24,False
2019,MT,928781,232,False
2019,MT,928783,326,False
2019,MT,928789,290,True
2019,MT,928795,319,True
2019,MT,928799,16824,False
2019,MT,928805,167,False
2019,MT,928809,6755,True
2019,MT,928810,204,False
2019,MT,928811,223,False
2019,MT,928813,156,False
2019,MT,928821,2045,True
2019,MT,928823,4180,False
2019,MT,928835,489,False
2019,MT,928837,272,False
2019,MT,928844,353,False
2019,MT,928848,298,True
2019,MT,928852,605,False
2019,MT,928854,2094,False
2019,MT,928860,1333,False
2019,MT,928864,274,False
2019,MT,928865,1584,False
2019,MT,928868,64,False
2019,MT,928875,1232,False
2019,MT,928881,15,False
2019,MT,928894,58,False
2019,MT,928895,1197,True
2019,MT,928900,390,False
2019,MT,928911,704,True
2019,MT,928924,1300,True
2019,MT,928930,148,False
2019,MT,928952,10250,False
2019,MT,928956,1482,False
2019,MT,928963,597,False
2019,MT,928966,67,False
2019,MT,928968,1845,False
2019,MT,928971,249,False
2019,MT,928972,8104,False
2019,MT,928984,230,False
2019,MT,928986,819,False
2019,MT,928993,351,False
2019,MT,928998,6257,True
2019,MT,929002,8,False
2019,MT,929013,2285,False
2019,MT,929017,1179,False
2019,MT,929018,72,False
2019,MT,929027,40,False
2019,MT,929028,30,False
2019,MT,929031,508,False
2019,MT,929043,8974,False
2019,MT,929048,483,True
2019,MT,929058,6,False
2019,MT,929081,1626,True
2019,MT,929091,155,False
2019,MT,929094,73,False
2019,MT,929106,1409,True
2019,MT,929125,174,False
2019,MT,929127,1328,False
2019,MT,929130,273,False
2019,MT,929135,105,False
2019,MT,929141,262,False
2019,MT,929148,29,False
2019,MT,929157,630,True
2019,MT,929159,20,False
2019,MT,929161,45,False
2019,MT,929167,106,False
2019,MT,929169,144,False
2019,MT,929174,592,False
2019,MT,929179,1709,False
2019,MT,929181,381,False
2019,MT,929186,48,False
2019,NH,937475,352,False
2019,NH,937486,4501,True
2019,NH,937492,554,True
2019,NH,937495,322,True
2019,NH,937502,209,False
2019,NH,937509,4624,True
2019,NH,937516,517,True
2019,NH,937517,3316,True
2019,NH,937526,444,True
2019,NH,937532,924,True
2019,NH,937537,432,False
2019,NH,937566,2486,False
2019,NH,937567,205,False
2019,NH,937569,394,True
2019,NH,937571,1118,True
2019,NH,937572,243,False
2019,NH,937580,1173,False
2019,NH,937581,551,False
2019,NH,937582,154,True
2019,NH,937583,654,True
2019,NH,937584,1247,True
2019,NH,937586,1322,True
2019,NH,937588,3519,True
2019,NH,937599,1683,False
2019,NH,937602,1344,False
2019,NH,937620,2349,True
2019,NH,937636,400,False
2019,NH,937650,2580,False
2019,NH,937653,4252,False
2019,NH,937655,99,False
2019,NH,937661,735,True
2019,NH,937663,1599,False
2019,NH,937669,408,False
2019,NH,937674,414,True
2019,NH,937681,425,False
2019,NH,937688,58,False
2019,NH,937696,1024,False
2019,NH,937758,675,False
2019,NJ,940943,709,True
2019,NJ,941060,194,False
2019,NJ,941063,2039,False
2019,NJ,941067,335,False
2019,NJ,941109,8843,True
2019,NJ,941115,307,False
2019,NJ,941126,93,False
2019,NJ,941149,2367,True
2019,NJ,941155,1122,True
2019,NJ,941188,275,True
2019,NJ,941189,8999,True
2019,NJ,941192,592,True
2019,NJ,941214,4416,True
2019,NJ,941230,462,False
2019,NJ,941234,223,False
2019,NJ,941246,380,False
2019,NJ,941249,2095,False
2019,NJ,941255,6354,True
2019,NJ,941257,3184,True
2019,NJ,941266,5649,True
2019,NJ,941276,247,False
2019,NJ,941277,3181,True
2019,NJ,941281,289,False
2019,NJ,941288,608,True
2019,NJ,941290,1427,False
2019,NJ,941301,190,False
2019,NJ,941303,1187,False
2019,NJ,941315,3627,True
2019,NJ,941318,3020,False
2019,NJ,941320,6445,True
2019,NJ,941336,192,False
2019,NJ,941338,232,False
2019,NJ,941390,644,True
2019,NJ,941401,417,False
2019,NJ,941410,2235,True
2019,NJ,941412,2084,True
2019,NJ,941426,6044,True
2019,NJ,941455,190,True
2019,NJ,941463,1552,False
2019,NJ,941479,517,True
2019,NJ,941480,613,True
2019,NJ,941499,295,False
2019,NJ,941505,1227,True
2019,NJ,941518,4438,False
2019,NJ,941532,7271,True
2019,NJ,941541,298,False
2019,NJ,941559,1608,True
2019,NJ,941564,1671,True
2019,NJ,941568,1189,True
2019,NJ,941572,279,True
2019,NJ,941575,2393,True
2019,NJ,941579,461,False
2019,NJ,941586,2561,True
2019,NJ,941593,149,False
2019,NJ,941611,2374,True
2019,NJ,941617,384,True
2019,NJ,941619,6857,False
2019,NJ,941631,196,False
2019,NJ,941632,340,False
2019,NJ,941636,316,True
2019,NJ,941637,288,False
2019,NJ,941645,1687,False
2019,NJ,941649,3614,True
2019,NJ,941655,15783,True
2019,NJ,941660,596,False
2019,NJ,941673,3159,False
2019,NJ,941692,2085,True
2019,NJ,941694,704,True
2019,NJ,941706,3379,True
2019,NJ,941718,374,False
2019,NJ,941730,4937,True
2019,NJ,941732,13762,False
2019,NJ,941734,210,False
2019,NJ,941741,2070,True
2019,NM,942802,16827,False
2019,NM,942809,6006,True
2019,NM,942827,3937,False
2019,NM,942866,3018,True
2019,NM,942876,3817,True
2019,NM,942877,3188,False
2019,NM,942880,5598,False
2019,NM,942886,471,False
2019,NM,942888,8179,True
2019,NM,942889,1297,False
2019,NM,942891,539,False
2019,NM,942892,5276,True
2019,NM,942893,96,False
2019,NM,942894,1019,True
2019,NM,942899,3728,False
2019,NM,942902,10815,False
2019,NM,942904,309,False
2019,NM,942906,11409,True
2019,NM,942911,9887,True
2019,NM,942912,137,False
2019,NM,942916,302,False
2019,NM,942922,316,False
2019,NM,942927,3662,False
2019,NM,942928,8511,True
2019,NM,942932,3704,False
2019,NM,942933,360,False
2019,NM,942935,114,False
2019,NM,942938,411,False
2019,NM,942940,2469,False
2019,NM,942946,1937,True
2019,NM,942948,2817,True
2019,NM,942953,10008,True
2019,NM,942955,2023,False
2019,NM,942961,140,False
2019,NM,942963,339,False
2019,NM,942965,571,False
2019,NM,942966,1326,True
2019,NV,943382,3196,False
2019,NV,943393,901,False
2019,NY,945861,2755,False
2019,NY,945862,1799,False
2019,NY,945866,1439,True
2019,NY,945867,1740,False
2019,NY,945868,1307,False
2019,NY,945870,2079,False
2019,NY,945871,1592,True
2019,NY,945872,1139,False
2019,NY,945873,2752,False
2019,NY,945881,1051,False
2019,NY,946182,153,False
2019,NY,946183,1929,False
2019,NY,946184,1064,False
2019,NY,946186,1354,True
2019,NY,946187,8925,True
2019,NY,946188,1898,False
2019,NY,946189,1607,False
2019,NY,946190,830,False
2019,NY,946193,1666,False
2019,NY,946194,1229,False
2019,NY,946197,2883,False
2019,NY,946208,1278,False
2019,NY,946210,4164,True
2019,NY,946212,1004,False
2019,NY,946215,4602,False
2019,NY,946216,5520,False
2019,NY,946217,4144,False
2019,NY,946220,1590,True
2019,NY,946221,5992,True
2019,NY,946223,2911,False
2019,NY,946226,1910,False
2019,NY,946229,1044,False
2019,NY,946235,4583,False
2019,NY,946236,2886,False
2019,NY,946240,5433,True
2019,NY,946242,915,False
2019,NY,946246,19356,True
2019,NY,946250,3583,False
2019,NY,946252,3387,False
2019,NY,946259,3065,True
2019,NY,946262,944,False
2019,NY,946264,808,False
2019,NY,946268,2183,False
2019,NY,946270,3548,True
2019,NY,946272,1347,False
2019,NY,946274,1299,False
2019,NY,946276,1353,False
2019,NY,946278,3233,False
2019,NY,946281,1479,False
2019,NY,946282,1449,False
2019,NY,946284,7427,True
2019,NY,946286,3565,False
2019,NY,946289,2897,False
2019,NY,946293,1046,False
2019,NY,946295,2143,False
2019,NY,946296,1545,True
2019,NY,946298,1724,False
2019,NY,946299,1751,False
2019,NY,946300,1051,True
2019,NY,946302,1911,False
2019,NY,946306,4456,True
2019,NY,946309,1244,False
2019,NY,946312,1251,False
2019,NY,946313,813,False
2019,NY,946315,1898,False
2019,NY,946318,6253,True
2019,NY,946325,1211,False
2019,NY,946326,4698,True
2019,NY,946328,3189,True
2019,NY,946329,2376,False
2019,NY,946334,1455,True
2019,NY,946338,2476,False
2019,NY,946339,1781,False
2019,NY,946341,2892,False
2019,NY,946345,1480,False
2019,NY,946348,2020,True
2019,NY,946350,1777,False
2019,NY,946352,4064,True
2019,NY,946355,3785,False
2019,NY,946357,7008,True
2019,NY,946361,1002,False
2019,NY,946363,3162,False
2019,NY,946365,1682,False
2019,NY,946370,1393,False
2019,NY,946376,406,False
2019,NY,946377,574,False
2019,NY,946379,1619,True
2019,NY,946381,6038,False
2019,NY,946382,1025,False
2019,NY,946383,3756,False
2019,NY,946390,3698,True
2019,NY,946392,5904,True
2019,NY,946393,1178,True
2019,NY,946394,1356,False
2019,NY,946395,5736,False
2019,NY,946398,1462,False
2019,NY,946400,1355,True
2019,NY,946409,2020,False
2019,NY,946412,1533,False
2019,NY,946413,6820,True
2019,NY,946417,4845,False
2019,NY,946419,3445,False
2019,NY,946423,983,False
2019,NY,946426,4033,False
2019,NY,946427,1495,False
2019,NY,946428,874,False
2019,NY,946429,2180,True
2019,NY,946436,1178,False
2019,NY,946437,2872,True
2019,NY,946439,1525,False
2019,NY,946440,1189,False
2019,NY,946442,1081,False
2019,NY,946443,6649,False
2019,NY,946444,10949,False
2019,NY,946450,1006,False
2019,NY,946452,1708,False
2019,NY,946456,4814,False
2019,NY,946459,8266,True
2019,NY,946460,3552,False
2019,NY,946466,1386,False
2019,NY,946474,3562,False
2019,NY,946475,7770,True
2019,NY,946479,8040,True
2019,NY,946481,1126,False
2019,NY,946484,3889,True
2019,NY,946486,5191,True
2019,NY,946487,1756,True
2019,NY,946490,4428,True
2019,NY,946493,1407,False
2019,NY,946494,1032,False
2019,NY,946496,1919,False
2019,NY,946498,2185,True
2019,NY,946500,1113,False
2019,NY,946501,1666,True
2019,NY,946502,4154,False
2019,NY,946505,2340,False
2019,NY,946508,4561,False
2019,NY,946515,3731,False
2019,NY,946517,2229,False
2019,NY,946518,3554,False
2019,NY,946525,4797,False
2019,NY,946527,3777,True
2019,NY,946531,2456,False
2019,NY,946532,1667,True
2019,NY,946533,1299,False
2019,NY,946535,3109,True
2019,NY,946538,1127,False
2019,NY,946540,6687,False
2019,NY,946546,1925,True
2019,NY,946550,2355,False
2019,NY,946551,5678,True
2019,NY,946552,5654,False
2019,NY,946554,1158,False
2019,NY,946555,2358,False
2019,NY,946558,1233,True
2019,NY,946560,1240,False
2019,NY,946561,962,False
2019,NY,946562,7106,True
2019,NY,946563,1995,False
2019,NY,946564,1625,False
2019,NY,946565,5934,True
2019,NY,946568,1103,False
2019,NY,946569,7167,True
2019,NY,946570,448,False
2019,NY,946573,1560,False
2019,NY,946574,4598,False
2019,NY,946576,3884,True
2019,NY,946578,1343,False
2019,NY,946580,2791,False
2019,NY,946583,928,False
2019,NY,946586,4215,True
2019,NY,946587,2408,True
2019,NY,946588,2345,False
2019,NY,946589,1685,False
2019,NY,946592,4220,False
2019,NY,946596,1625,False
2019,NY,946599,744,False
2019,NY,946600,1891,False
2019,NY,946601,2196,False
2019,NY,946602,7004,True
2019,NY,946603,2661,True
2019,NY,946604,8619,True
2019,NY,946609,1571,False
2019,NY,946611,5373,True
2019,NY,946614,2143,False
2019,NY,946615,9817,True
2019,NY,946616,8999,True
2019,NY,946617,784,False
2019,NY,946622,2848,False
2019,NY,946623,112,False
2019,NY,946624,3715,True
2019,NY,946627,4239,True
2019,NY,946630,2859,True
2019,NY,946638,547,False
2019,NY,946644,708,False
2019,NY,946645,8067,True
2019,NY,946646,2508,False
2019,NY,946650,2210,True
2019,NY,946654,945399,False
2019,NY,946657,2152,False
2019,NY,946658,1198,False
2019,NY,946663,7015,False
2019,NY,946665,3592,False
2019,NY,946670,5544,True
2019,NY,946673,1107,True
2019,NY,946674,8626,True
2019,NY,946675,3445,True
2019,NY,946676,1392,False
2019,NY,946680,1771,False
2019,NY,946681,1023,False
2019,NY,946682,694,False
2019,NY,946683,2996,True
2019,NY,946685,823,False
2019,NY,946690,1638,False
2019,NY,946691,2134,False
2019,NY,946692,1695,False
2019,NY,946694,1303,True
2019,NY,946697,4658,True
2019,NY,946700,5025,True
2019,NY,946701,3674,False
2019,NY,946704,2078,True
2019,NY,946705,176,False
2019,NY,946709,1886,True
2019,NY,946713,7501,True
2019,NY,946715,719,False
2019,NY,946718,3312,True
2019,NY,946720,4524,False
2019,NY,946722,1454,False
2019,NY,946723,846,False
2019,NY,946724,1906,False
2019,NY,946725,1517,False
2019,NY,946726,1830,False
2019,NY,946727,5133,True
2019,NY,946731,5633,True
2019,NY,946734,5152,True
2019,NY,946735,1827,False
2019,NY,946743,2499,True
2019,NY,946745,5453,True
2019,NY,946746,1004,False
2019,NY,946747,1330,False
2019,NY,946751,1097,False
2019,NY,946754,3334,True
2019,NY,946758,1838,False
2019,NY,946760,948,False
2019,NY,946762,822,False
2019,NY,946765,1222,False
2019,NY,946772,5419,True
2019,NY,946773,26204,False
2019,NY,946775,3098,True
2019,NY,946776,5289,True
2019,NY,946778,433,False
2019,NY,946779,1977,False
2019,NY,946781,253,False
2019,NY,946784,1299,True
2019,NY,946785,5310,False
2019,NY,946788,813,False
2019,NY,946789,13303,True
2019,NY,946792,1214,True
2019,NY,946794,1597,False
2019,NY,946797,6317,True
2019,NY,946803,1808,False
2019,NY,946805,9505,True
2019,NY,946809,1602,False
2019,NY,946812,2434,False
2019,NY,946813,2643,True
2019,NY,946814,2251,True
2019,NY,946815,1263,True
2019,NY,946820,9250,False
2019,NY,946821,1335,False
2019,NY,946824,1969,False
2019,NY,946826,1086,False
2019,NY,946827,1079,False
2019,NY,946828,1357,False
2019,NY,946830,1346,True
2019,NY,946833,1080,False
2019,NY,946834,1478,False
2019,NY,946836,3076,True
2019,NY,946837,4889,False
2019,NY,946842,1046,False
2019,NY,946847,1361,False
2019,NY,946849,3584,True
2019,NY,946853,1028,False
2019,NY,946857,2692,False
2019,NY,946858,1102,False
2019,NY,946862,1475,False
2019,NY,946864,3142,True
2019,NY,946866,6365,False
2019,NY,946867,20167,False
2019,NY,946868,1554,False
2019,NY,946873,1756,True
2019,NY,946875,1044,False
2019,NY,946876,4037,False
2019,NY,946877,1068,False
2019,NY,946886,6898,True
2019,NY,946887,9990,True
2019,NY,946889,2049,False
2019,NY,946890,1115,False
2019,NY,946892,1499,False
2019,NY,946894,4459,True
2019,NY,946896,3239,True
2019,NY,946897,4405,True
2019,NY,946898,1150,False
2019,NY,946902,2966,True
2019,NY,946905,856,False
2019,NY,946907,4076,True
2019,NY,946911,1249,False
2019,NY,946912,1080,False
2019,NY,946913,1551,True
2019,NY,946914,1973,False
2019,NY,946915,8398,False
2019,NY,946920,1535,True
2019,NY,946924,4556,True
2019,NY,946929,6632,True
2019,NY,946931,1087,False
2019,NY,946944,3176,False
2019,NY,946946,1402,False
2019,NY,946948,1124,True
2019,NY,946949,9961,True
2019,NY,946952,1158,False
2019,NY,946954,292,True
2019,NY,946958,359,True
2019,NY,946962,726,False
2019,OH,949559,20223,False
2019,OH,949560,3047,True
2019,OH,949564,3875,True
2019,OH,949567,1174,True
2019,OH,949568,2417,True
2019,OH,949571,6398,True
2019,OH,949574,2862,True
2019,OH,949575,3874,True
2019,OH,949579,7126,True
2019,OH,949581,1324,True
2019,OH,949585,8756,True
2019,OH,949586,8103,True
2019,OH,949589,2162,True
2019,OH,949590,1957,False
2019,OH,949592,5285,True
2019,OH,949596,4880,True
2019,OH,949597,13298,True
2019,OH,949605,2786,True
2019,OH,949612,6086,True
2019,OH,949613,5092,False
2019,OH,949622,3642,False
2019,OH,949623,2463,True
2019,OH,949627,3648,True
2019,OH,949636,2437,True
2019,OH,949638,7808,True
2019,OH,949639,5222,False
2019,OH,949644,3779,True
2019,OH,949646,2031,True
2019,OH,949651,3322,True
2019,OH,949652,3488,True
2019,OH,949656,4215,True
2019,OH,949659,3814,True
2019,OH,949662,4299,True
2019,OH,949663,6836,True
2019,OH,949665,5262,True
2019,OH,949677,4348,True
2019,OH,949679,1626,True
2019,OH,949687,2758,True
2019,OH,949689,2091,True
2019,OH,949693,10458,True
2019,OH,949694,2446,True
2019,OH,949697,2280,True
2019,OH,949698,1636,True
2019,OH,949702,3325,True
2019,OH,949703,5105,True
2019,OH,949708,21643,True
2019,OH,949715,5366,True
2019,OH,949717,2387,True
2019,OH,949718,2612,True
2019,OH,949719,21641,False
2019,OH,949721,4241,True
2019,OH,949722,5935,True
2019,OH,949723,1865,True
2019,OH,949724,2945,True
2019,OH,949725,3086,True
2019,OH,949733,14794,True
2019,OH,949737,3562,True
2019,OH,949741,7926,True
2019,OH,949743,9841,True
2019,OH,949744,1922,True
2019,OH,949751,1175,True
2019,OH,949767,692,True
2019,OH,949771,2462,False
2019,OH,949774,1964,True
2019,OH,949780,7778,True
2019,OH,949781,6480,True
2019,OH,949795,2444,True
2019,OH,949799,498,False
2019,OH,949804,2401,True
2019,OH,949806,2424,True
2019,OH,949814,1725,True
2019,OH,949815,1123,True
2019,OH,949816,1704,False
2019,OH,949817,1232,True
2019,OH,949819,993,True
2019,OH,949831,866,True
2019,OH,949839,15790,False
2019,OH,949845,634,False
2019,OH,949851,1322,False
2019,OH,949858,2269,True
2019,OH,949863,2799,True
2019,OH,949865,8173,True
2019,OH,949886,3409,False
2019,OH,949890,4589,True
2019,OH,949893,1101,True
2019,OH,949894,732,True
2019,OH,949903,20322,False
2019,OH,949904,1524,False
2019,OH,949908,1815,True
2019,OH,949912,1480,True
2019,OH,949914,1939,False
2019,OH,949915,1926,False
2019,OH,949920,3732,False
2019,OH,949922,3162,True
2019,OH,949923,7522,True
2019,OH,949924,5761,True
2019,OH,949925,4839,True
2019,OH,949927,15752,False
2019,OH,949928,15729,True
2019,OH,949940,1237,True
2019,OH,949941,1039,True
2019,OH,949943,2846,True
2019,OH,949945,2754,True
2019,OH,949948,1903,True
2019,OH,949959,7298,True
2019,OH,949964,7640,False
2019,OH,949968,2087,True
2019,OH,949990,1196,True
2019,OH,949993,2208,False
2019,OH,949998,1079,True
2019,OH,950011,1167,False
2019,OH,950013,3011,True
2019,OH,950014,1743,False
2019,OH,950017,1612,False
2019,OH,950025,4171,True
2019,OH,950029,3938,True
2019,OH,950037,4326,True
2019,OH,950038,3788,False
2019,OH,950042,1504,False
2019,OH,950044,3007,False
2019,OH,950054,2197,True
2019,OH,950072,1971,True
2019,OH,950076,2292,True
2019,OH,950077,2325,True
2019,OH,950085,983,False
2019,OH,950087,1227,True
2019,OH,950097,3850,True
2019,OH,950108,1842,True
2019,OH,950123,732,False
2019,OH,950127,2253,True
2019,OH,950131,3912,True
2019,OH,950138,2960,True
2019,OH,950139,1727,True
2019,OH,950142,1418,True
2019,OH,950143,1206,True
2019,OH,950145,1572,True
2019,OH,950146,1809,True
2019,OH,950147,1079,True
2019,OH,950156,439,False
2019,OH,950158,583,False
2019,OH,950160,652,False
2019,OH,950161,500,False
2019,OH,950162,1500,True
2019,OH,950163,419,False
2019,OH,950165,571,False
2019,OH,950168,2399,False
2019,OH,950178,2146,True
2019,OH,950204,2027,True
2019,OH,950205,1475,True
2019,OH,950207,3544,True
2019,OH,950209,2858,True
2019,OH,950211,1794,True
2019,OH,950214,1862,True
2019,OH,950215,855,False
2019,OH,950216,4834,True
2019,OH,950217,6174,True
2019,OH,950219,1409,False
2019,OH,950220,1380,True
2019,OH,950222,2006,True
2019,OH,950228,4078,True
2019,OH,950229,4586,True
2019,OH,950234,4098,True
2019,OH,950242,670,False
2019,OH,950243,2668,True
2019,OH,950245,1734,True
2019,OH,950246,1162,True
2019,OH,950251,1177,True
2019,OH,950257,576,True
2019,OH,950262,830,False
2019,OH,950283,1436,False
2019,OH,950284,1433,False
2019,OH,950296,1202,True
2019,OH,950362,2307,False
2019,OH,950364,5543,True
2019,OH,950367,3300,False
2019,OH,950380,2853,True
2019,OH,950382,3290,True
2019,OH,950389,606,False
2019,OH,950391,835,False
2019,OH,950392,2057,True
2019,OH,950396,1724,False
2019,OH,950398,4807,True
2019,OK,951071,335,False
2019,OK,951100,160,False
2019,OK,951104,6050,False
2019,OK,951109,377,False
2019,OK,951126,294,False
2019,OK,951135,566,False
2019,OK,951145,1554,False
2019,OK,951149,17915,True
2019,OK,951193,1192,False
2019,OK,951201,396,False
2019,OK,951223,2783,False
2019,OK,951231,274,False
2019,OK,951237,615,False
2019,OK,951271,3718,False
2019,OK,951277,24403,True
2019,OK,951299,103,False
2019,OK,951304,155,False
2019,OK,951311,866,False
2019,OK,951331,237,False
2019,OK,951369,915,False
2019,OK,951373,702,False
2019,OK,951376,253,False
2019,OK,951399,11965,True
2019,OK,951427,306,False
2019,OK,951440,143,False
2019,OK,951459,270,False
2019,OK,951504,166,False
2019,OK,951511,24355,True
2019,OK,951521,572,False
2019,OK,951531,10742,True
2019,OK,951560,168,False
2019,OK,951613,4749,False
2019,OK,951661,3969,False
2019,OK,951714,1518,True
2019,OK,951744,432,False
2019,OK,951752,231,False
2019,OK,951756,880,False
2019,OK,951774,2346,False
2019,OK,951836,105,False
2019,OR,952104,895,False
2019,OR,952105,2303,False
2019,OR,952109,20003,False
2019,OR,952127,476,False
2019,OR,952133,3062,False
2019,OR,952138,9238,True
2019,OR,952149,2725,False
2019,OR,952151,1851,True
2019,OR,952154,2674,True
2019,OR,952159,17367,False
2019,OR,952163,1614,False
2019,OR,952168,2367,False
2019,OR,952173,4609,False
2019,OR,952174,730,False
2019,OR,952175,949,False
2019,OR,952180,1238,False
2019,OR,952181,6505,False
2019,OR,952190,2732,True
2019,OR,952193,682,False
2019,OR,952194,2979,True
2019,OR,952195,10528,False
2019,OR,952212,1649,False
2019,OR,952215,1407,False
2019,OR,952217,418,False
2019,OR,952219,5924,False
2019,OR,952221,248,False
2019,OR,952223,2068,False
2019,OR,952230,5922,False
2019,OR,952234,5600,True
2019,OR,952235,4072,False
2019,OR,952240,2832,False
2019,OR,952242,155,False
2019,OR,952247,1694,False
2019,OR,952260,152,False
2019,OR,952274,775,False
2019,OR,952276,470,True
2019,OR,952278,2325,True
2019,OR,952279,16690,False
2019,OR,952280,1902,False
2019,OR,952283,578,False
2019,OR,952284,537,False
2019,OR,952286,2387,True
2019,OR,952292,318,False
2019,OR,952294,2549,False
2019,OR,952301,1015,False
2019,OR,952303,214,False
2019,OR,952305,119,False
2019,OR,952308,6052,True
2019,OR,952314,5657,False
2019,OR,952317,2214,False
2019,OR,952319,1566,False
2019,OR,952325,222,False
2019,OR,952327,1075,False
2019,OR,952329,1487,True
2019,OR,952331,10525,False
2019,OR,952332,2650,False
2019,OR,952339,2176,False
2019,OR,952341,2102,True
2019,OR,952342,4,False
2019,OR,952348,537,False
2019,OR,952350,1001,False
2019,OR,952354,1434,False
2019,OR,952356,5631,True
2019,PA,953552,2345,False
2019,PA,953601,3304,True
2019,PA,953602,8126,True
2019,PA,953604,1077,False
2019,PA,953606,16596,True
2019,PA,953608,7755,False
2019,PA,953610,4481,True
2019,PA,953619,5108,False
2019,PA,953624,554,False
2019,PA,953625,4947,True
2019,PA,953626,1676,False
2019,PA,953633,3082,True
2019,PA,953635,1794,False
2019,PA,953638,2664,False
2019,PA,953641,1115,False
2019,PA,953645,1989,False
2019,PA,953652,2118,False
2019,PA,953657,2651,False
2019,PA,953658,1017,False
2019,PA,953660,2573,False
2019,PA,953661,1758,False
2019,PA,953665,1214,False
2019,PA,953673,1482,False
2019,PA,953676,6486,True
2019,PA,953678,1390,False
2019,PA,953684,1625,False
2019,PA,953685,4993,True
2019,PA,953687,1375,True
2019,PA,953688,1084,False
2019,PA,953689,1525,False
2019,PA,953691,18367,True
2019,PA,953692,1627,False
2019,PA,953694,11382,True
2019,PA,953696,2810,True
2019,PA,953698,9282,True
2019,PA,953702,4607,True
2019,PA,953704,1469,False
2019,PA,953710,2288,False
2019,PA,953711,6342,True
2019,PA,953712,3074,True
2019,PA,953722,4285,True
2019,PA,953724,3817,True
2019,PA,953725,2017,True
2019,PA,953730,2094,True
2019,PA,953734,1174,False
2019,PA,953736,9564,True
2019,PA,953739,2670,True
2019,PA,953740,6307,False
2019,PA,953742,2291,False
2019,PA,953744,4658,True
2019,PA,953746,1983,True
2019,PA,953747,3363,False
2019,PA,953748,2986,True
2019,PA,953749,3493,False
2019,PA,953750,12656,True
2019,PA,953751,3561,False
2019,PA,953752,1558,False
2019,PA,953754,1668,True
2019,PA,953756,2394,True
2019,PA,953763,2515,False
2019,PA,953764,3048,False
2019,PA,953765,8828,True
2019,PA,953768,3855,True
2019,PA,953771,1645,True
2019,PA,953775,11317,False
2019,PA,953776,1304,False
2019,PA,953780,1599,True
2019,PA,953786,703,False
2019,PA,953795,1023,False
2019,PA,953796,2152,True
2019,PA,953800,1931,False
2019,PA,953801,3482,False
2019,PA,953804,1875,False
2019,PA,953809,2198,False
2019,PA,953810,2938,False
2019,PA,953811,1731,True
2019,PA,953819,3916,False
2019,PA,953821,3022,False
2019,PA,953825,2426,True
2019,PA,953832,1859,False
2019,PA,953833,2100,False
2019,PA,953837,4735,False
2019,PA,953839,11194,True
2019,PA,953840,2190,True
2019,PA,953841,5738,True
2019,PA,953842,6863,True
2019,PA,953843,2032,True
2019,PA,953845,3449,True
2019,PA,953846,2033,False
2019,PA,953850,1246,True
2019,PA,953864,4150,True
2019,PA,953865,1004,False
2019,PA,953866,4083,True
2019,PA,953867,1899,True
2019,PA,953869,3716,True
2019,PA,953874,1858,True
2019,PA,953875,1470,False
2019,PA,953877,3040,True
2019,PA,953882,1165,False
2019,PA,953884,4891,False
2019,PA,953888,1599,False
2019,PA,953889,1648,False
2019,PA,953890,2764,False
2019,PA,953891,3712,False
2019,PA,953893,2259,True
2019,PA,953898,2939,True
2019,PA,953899,5741,True
2019,PA,953902,3310,False
2019,PA,953905,1630,True
2019,PA,953907,3995,False
2019,PA,953909,1118,True
2019,PA,953911,1797,True
2019,PA,953912,2156,True
2019,PA,953913,2328,True
2019,PA,953915,4979,True
2019,PA,953916,6748,True
2019,PA,953934,1381,True
2019,PA,953947,4685,True
2019,PA,953957,7399,True
2019,PA,953961,1652,True
2019,PA,953963,4382,True
2019,PA,953967,5607,True
2019,PA,953968,1468,False
2019,PA,953970,3769,False
2019,PA,953971,927,True
2019,PA,953972,1062,False
2019,PA,953975,1562,False
2019,PA,953984,2141,False
2019,PA,953987,2369,False
2019,PA,953988,2001,False
2019,PA,953990,1656,False
2019,PA,953993,5293,True
2019,PA,953997,3566,True
2019,PA,953998,1664,True
2019,PA,953999,9299,True
2019,PA,954000,1655,True
2019,PA,954005,3843,True
2019,PA,954011,1473,False
2019,PA,954013,1535,True
2019,PA,954015,5569,False
2019,PA,954017,4103,True
2019,PA,954021,3792,True
2019,PA,954022,1668,True
2019,PA,954027,4680,True
2019,PA,954029,4854,False
2019,PA,954030,9008,True
2019,PA,954034,3265,False
2019,PA,954036,3205,False
2019,PA,954037,2704,True
2019,PA,954040,1867,True
2019,PA,954043,17280,True
2019,PA,954044,5179,True
2019,PA,954045,1083,False
2019,PA,954053,717,False
2019,PA,954056,2051,False
2019,PA,954057,1595,False
2019,PA,954058,276,False
2019,PA,954063,2039,True
2019,PA,954065,2648,True
2019,PA,954066,2045,False
2019,PA,954070,2226,True
2019,PA,954075,1260,False
2019,PA,954080,2861,True
2019,PA,954083,2040,True
2019,PA,954085,3536,True
2019,PA,954086,2104,False
2019,PA,954087,6535,True
2019,PA,954089,1484,False
2019,PA,954096,1068,False
2019,PA,954097,1373,True
2019,PA,954100,3149,True
2019,PA,954103,3069,False
2019,PA,954107,4049,True
2019,PA,954110,1901,False
2019,PA,954111,7912,True
2019,PA,954112,3803,True
2019,PA,954114,4037,True
2019,PA,954120,2430,False
2019,PA,954125,1245,True
2019,PA,954128,4889,True
2019,PA,954136,2138,False
2019,PA,954137,1524,False
2019,PA,954139,2025,True
2019,PA,954141,6749,False
2019,PA,954146,2363,True
2019,PA,954149,3344,True
2019,PA,954150,1907,False
2019,PA,954158,1678,False
2019,PA,954161,4099,False
2019,PA,954166,3337,True
2019,PA,954170,2453,False
2019,PA,954171,2966,True
2019,PA,954177,4152,True
2019,PA,954182,4430,True
2019,PA,954189,11577,True
2019,PA,954195,7705,True
2019,PA,954197,4569,True
2019,PA,954198,3026,False
2019,PA,954199,2087,True
2019,PA,954201,1905,False
2019,PA,954202,1430,False
2019,PA,954203,4293,True
2019,PA,954204,6958,True
2019,PA,954210,1119,False
2019,PA,954213,2213,False
2019,PA,954216,1155,False
2019,PA,954217,1274,False
2019,PA,954218,2263,True
2019,PA,954221,5725,False
2019,PA,954224,2900,False
2019,TN,967059,8631,True
2019,TN,967064,10855,False
2019,TN,967074,5456,True
2019,TN,967079,4351,True
2019,TN,967080,1097,True
2019,TN,967090,3010,True
2019,TN,967092,3927,True
2019,TN,967098,2223,True
2019,TN,967105,3504,True
2019,TN,967112,3746,True
2019,TN,967121,3383,True
2019,TN,967131,1526,True
2019,TN,967133,7375,True
2019,TN,967136,7978,False
2019,TN,967139,7475,True
2019,TN,967143,6936,True
2019,TN,967144,3718,True
2019,TN,967148,3844,True
2019,TN,967151,3958,True
2019,TN,967155,5460,True
2019,TN,967166,5433,True
2019,TN,967167,33541,False
2019,TN,967169,3097,True
2019,TN,967177,1311,True
2019,TN,967178,3146,True
2019,TN,967181,1109,True
2019,TN,967184,2414,True
2019,TN,967185,11179,True
2019,TN,967188,6715,True
2019,TN,967189,11448,True
2019,TN,967191,44149,True
2019,TN,967192,2950,False
2019,TN,967194,14593,True
2019,TN,967197,3129,True
2019,TN,967200,2057,True
2019,TN,967201,12758,True
2019,TN,967202,29479,True
2019,TN,967216,6682,True
2019,TN,967217,8000,True
2019,TN,967219,2356,True
2019,TN,967222,4044,True
2019,TN,967224,38171,True
2019,TN,967225,21183,False
2019,TX,968670,280,False
2019,TX,968963,14384,False
2019,TX,968979,21469,False
2019,TX,968980,1130,False
2019,TX,968981,643,True
2019,TX,968982,23971,True
2019,TX,968996,187,False
2019,TX,969012,148,False
2019,TX,969029,10539,True
2019,TX,969031,3726,False
2019,TX,969061,104,False
2019,TX,969086,2088,False
2019,TX,969101,46854,False
2019,TX,969102,3715,False
2019,TX,969106,263,True
2019,TX,969126,4013,False
2019,TX,969127,1147,True
2019,TX,969148,2772,True
2019,TX,969161,1025,True
2019,TX,969164,119,False
2019,TX,969166,603,True
2019,TX,969172,403,True
2019,TX,969189,1510,False
2019,TX,969194,3169,True
2019,TX,969225,1116,False
2019,TX,969239,377,False
2019,TX,969261,72,False
2019,TX,969267,531,False
2019,TX,969294,19242,False
2019,TX,969306,30233,False
2019,TX,969312,34004,True
2019,TX,969322,911,False
2019,TX,969339,177,False
2019,TX,969348,1025,False
2019,TX,969366,1141,False
2019,TX,969367,59191,False
2019,TX,969373,2464,False
2019,TX,969376,22777,True
2019,TX,969385,2815,False
2019,TX,969390,254,False
2019,TX,969427,1728,False
2019,TX,969436,112,False
2019,TX,969439,1123,True
2019,TX,969450,14769,True
2019,TX,969469,1633,False
2019,TX,969472,3787,True
2019,TX,969474,584,False
2019,TX,969483,1501,False
2019,TX,969497,2828,True
2019,TX,969500,1261,False
2019,TX,969502,467,False
2019,TX,969504,41205,True
2019,TX,969509,23115,False
2019,TX,969514,2193,True
2019,TX,969530,128,False
2019,TX,969537,287,True
2019,TX,969539,1568,False
2019,TX,969546,72112,False
2019,TX,969549,34651,True
2019,TX,969560,1404,False
2019,TX,969581,117,False
2019,TX,969605,187,True
2019,TX,969610,189,False
2019,TX,969612,38970,False
2019,TX,969633,379,False
2019,TX,969637,3588,False
2019,TX,969641,96,False
2019,TX,969642,275,False
2019,TX,969673,34125,True
2019,TX,969700,24134,False
2019,TX,969702,369,False
2019,TX,969706,298,False
2019,TX,969721,24667,True
2019,TX,969730,316,False
2019,TX,969737,2327,False
2019,TX,969757,1618,False
2019,TX,969759,1432,False
2019,TX,969761,627,False
2019,TX,969779,1080,False
2019,TX,969784,225,False
2019,TX,969789,156,False
2019,TX,969793,516,False
2019,TX,969794,2701,True
2019,TX,969802,22549,False
2019,TX,969815,708,False
2019,TX,969817,609,False
2019,TX,969827,207,False
2019,TX,969841,103,False
2019,TX,969842,317,False
2019,TX,969848,2486,False
2019,TX,969850,359,False
2019,TX,969853,525,False
2019,TX,969856,25290,True
2019,TX,969860,4559,False
2019,TX,969875,9097,True
2019,TX,969891,1344,False
2019,TX,969893,107,False
2019,TX,969917,504,False
2019,TX,969935,401,False
2019,TX,969958,2382,False
2019,TX,969969,1755,False
2019,TX,969970,248,False
2019,TX,970000,15497,False
2019,TX,970008,2823,False
2019,TX,970009,595,True
2019,TX,970041,47478,True
2019,TX,970051,34022,True
2019,TX,970053,1935,False
2019,TX,970054,36697,True
2019,TX,970056,378,False
2019,TX,970076,457,False
2019,TX,970077,217,False
2019,TX,970083,154,False
2019,TX,970132,203,False
2019,TX,970136,383,False
2019,TX,970143,624,False
2019,TX,970159,113,False
2019,TX,970160,14946,True
2019,TX,970184,1292,False
2019,TX,970192,69,False
2019,TX,970205,812,False
2019,TX,970225,153,False
2019,TX,970229,15019,False
2019,TX,970230,380,False
2019,VA,975485,15302,False
2019,VA,975487,1808,False
2019,VA,975489,2304,False
2019,VA,975498,26176,False
2019,VA,975504,4654,False
2019,VA,975507,2818,False
2019,VA,975513,3836,True
2019,VA,975517,40192,True
2019,VA,975523,1064,False
2019,VA,975524,615,True
2019,VA,975527,5717,True
2019,VA,975529,2189,False
2019,VA,975530,4394,False
2019,VA,975542,2042,False
2019,VA,975544,3588,False
2019,VA,975549,13338,True
2019,VA,975551,1332,False
2019,VA,975553,5500,True
2019,VA,975555,2594,True
2019,VA,975559,2547,True
2019,VA,975562,20008,True
2019,VA,975563,18039,True
2019,VA,975568,218,False
2019,VA,975569,3994,True
2019,VA,975582,510,False
2019,VA,975583,79438,True
2019,VA,975594,1091,False
2019,VA,975597,1240,True
2019,VA,975601,3156,False
2019,VA,975604,30886,True
2019,VA,975605,1668,True
2019,VA,975610,2033,False
2019,VA,975618,9182,False
2019,VA,975619,2058,False
2019,VA,975623,2134,False
2019,VA,975626,4270,True
2019,VA,975627,1659,False
2019,VA,975636,2844,True
2019,VA,975644,4505,False
2019,VA,975645,2750,False
2019,VA,975646,23597,False
2019,VA,975650,14425,False
2019,VA,975656,69085,True
2019,VA,975657,6021,True
2019,VA,975660,7264,False
2019,VA,975661,3019,True
2019,VA,975663,1703,True
2019,VA,975672,3896,False
2019,VT,980312,408,False
2019,VT,980315,2420,True
2019,VT,980662,1670,False
2019,VT,980663,710,True
2019,VT,980676,1647,True
2019,VT,980678,654,False
2019,VT,980702,1080,False
2019,CA,1074049,2785,False
2019,NY,1074164,2342,False
2019,IL,1074180,273,False
2019,OK,1075588,189,False
2019,IL,1086644,617,True
2019,TN,1086814,5931,True
2019,WI,983721,14686,False
2019,WI,983733,1698,False
2019,WI,983811,1140,False
2019,WI,983893,1849,True
2019,WI,984069,327,False
2019,WI,984077,3127,False
2019,WI,984137,18326,False
